Workbook

Sheet ВВОД
B2: Наименование станции | C2: Насос | D2: Артикул | E2: Размеры | G2: Q | H2: H | I2: P2 | J2: NPSH | K2: КПД
B3: Hydro-FS-A 1/1 CRV 10-1 G2-B-80-16 | C3: {=IFERROR(INDEX(HFS_CRV!$B:$B, MATCH($B$3, HFS_CRV!$A:$A, 0)), "СТАНЦИЯ НЕ НАЙДЕНА")} -> CRV 10-1C | D3: {=IFERROR(INDEX(HFS_CRV!$AE:$AE, MATCH($B$3, HFS_CRV!$A:$A, 0)), "СТАНЦИЯ НЕ НАЙДЕНА")} -> 75211384 | E3: {=TRANSPOSE(HFS_CRV!$C$1:$V$1)} -> В | F3: {=IFERROR(TRANSPOSE(INDEX(HFS_CRV!$C:$V, MATCH($B$3, HFS_CRV!$A:$A, 0), 0)), "")} -> 1650 | G3: {=IFERROR(TRANSPOSE(INDEX(CRV!$C:$L, MATCH($C$3, CRV!$A:$A, 0), 0)), "")} -> 0 | H3: {=IFERROR(TRANSPOSE(INDEX(CRV!$M:$V, MATCH($C$3, CRV!$A:$A, 0), 0)), "")} -> 13.75 | I3: {=IFERROR(TRANSPOSE(INDEX(CRV!$W:$AF, MATCH($C$3, CRV!$A:$A, 0), 0)), "")} -> 0.102 | J3: {=IFERROR(TRANSPOSE(INDEX(CRV!$AG:$AP, MATCH($C$3, CRV!$A:$A, 0), 0)), "")} -> 0.427 | K3: {=IFERROR(TRANSPOSE(INDEX(CRV!$AQ:$AZ, MATCH($C$3, CRV!$A:$A, 0), 0)), "")} -> 0
E4: В1 | F4: 613 | G4: 5 | H4: 11.45 | I4: 0.242 | J4: 0.948 | K4: 54
B5: Max расход: | E5: В2 | F5: 180 | G5: 7 | H5: 10.4 | I5: 0.2843 | J5: 1.241 | K5: 63.51
B6: Max напор: | E6: Ш1 | F6: 565 | G6: 8 | H6: 9.85 | I6: 0.2993 | J6: 1.449 | K6: 66.12
B7: Номинальный напор: | E7: Ш2 | F7: 520 | G7: 9 | H7: 9.25 | I7: 0.3105 | J7: 1.709 | K7: 68.06
B8: Количество насосов: | E8: Ш3 | F8: 1549 | G8: 10 | H8: 8.65 | I8: 0.3178 | J8: 2.067 | K8: 69.23
B9: Количество резервных насосов: | E9: Шобщ | F9: 1085 | G9: 11 | H9: 8 | I9: 0.3208 | J9: 2.553 | K9: 69.5
B10: Тип установки уплотнения: | E10: Р1 | F10: 1760 | G10: 12 | H10: 7.35 | I10: 0.3192 | J10: 3.094 | K10: 68.65
E11: Р2 | F11: 427 | G11: 13 | H11: 6.5994643 | I11: 0.3124 | J11: 3.68 | K11: 66.3
B12: Корпус: | E12: Р3 | G12: 14 | H12: 5.82 | I12: 0.2996 | J12: 4.326 | K12: 61.81
B13: Рабочее колесо: | E13: Р4
B14: Уплотнение вала: | E14: РП | F14: 385
B15: Коллектор: | E15: РВ | F15: 100
E16: ПАЗ
B17: Температура окружающей среды: | E17: ОТВ-Е | F17: 12 отв. ø16
B18: Относительная влажность воздуха: | E18: ВШ | F18: 1000
B19: Max рабочее давление: | E19: ШШ | F19: 800
B20: Стандарт трубного присоединения: | E20: ШО | F20: 860
B21: Размер всасывающего патрубка: | E21: К | F21: 450
B22: Размер напорного патрубка: | E22: DN | F22: 80
B23: Допустимое давление фланцев:
B25: Диапазон температуры жидкости:
B27: Мощность (P2) одного насоса:
B28: Номинальное напряжение:
B29: Max потребление тока:
B30: Схема пуска:
B31: Степень защиты (IEC 34-5):
B33: Температура хранения:
B34: Масса (нетто):
B35: Масса (брутто):

Sheet HFS_CRV
A1: Наименование | B1: Насос | C1: В | D1: В1 | E1: В2 | F1: Ш1 | G1: Ш2 | H1: Ш3 | I1: Шобщ | J1: Р1 | K1: Р2 | L1: Р3 | M1: Р4 | N1: РП | O1: РВ | P1: ПАЗ | Q1: ОТВ-Е | R1: ВШ | S1: ШШ | T1: ШО | U1: К | V1: DN | W1: Общее кол-во | X1: Основа | Y1: Резерв | Z1: Мощность | AA1: Ток | AB1: Схема пуска | AC1: Торцевое | AD1: Масса нетто | AE1: Артикул
A2: Hydro-FS-A 1/1 CRV 10-1 G2-B-80-16 | B2: =IFERROR(__xludf.DUMMYFUNCTION("IFERROR(IF(REGEXMATCH(REGEXEXTRACT(A2,""\bCRV\s*\d+(?:-\d+)+(?:-(?:A?BI|AI|BI))?\b""),""-(?:A?BI|AI|BI)$""),REGEXREPLACE(REGEXEXTRACT(A2,""\bCRV\s*\d+(?:-\d+)+(?:-(?:A?BI|AI|BI))?\b""),""-(A?BI|AI|BI)$"",""C$1""),REGEXEXTRACT(A2,""\bCRV\s*\d+(?:-\d+)+(?:-"&"(?:A?BI|AI|BI))?\b"")&""C""),"""")"),"CRV 10-1C") -> CRV 10-1C | C2: 1650 | D2: {=IFERROR(XLOOKUP($B2,CRV!$A:$A,CRV!$BA:$BA)+XLOOKUP($B2,CRV!$A:$A,CRV!$BB:$BB)+$O2,"")} -> 613 | E2: 180 | F2: 565 | G2: 520 | H2: 1549 | I2: 1085 | J2: 1760 | K2: 427 | N2: 385 | O2: 100 | Q2: 12 отв. ø16 | R2: 1000 | S2: 800 | T2: 860 | U2: 450 | V2: =IFERROR(__xludf.DUMMYFUNCTION("IFERROR(REGEXEXTRACT(A2,""G2-B-(\d+)""),"""")"),"80") -> 80 | W2: =IF(OR(X2="", Y2=""), "", X2+Y2) -> 2 | X2: =IFERROR(__xludf.DUMMYFUNCTION("IFERROR(VALUE(REGEXEXTRACT(A2,""\b(\d+)/\d+\b"")),"""")"),1.0) -> 1 | Y2: =IFERROR(__xludf.DUMMYFUNCTION("IFERROR(VALUE(REGEXEXTRACT(A2,""\b\d+/(\d+)\b"")),"""") "),1.0) -> 1 | Z2: {=IFERROR(INDEX(CRV!BU:BU, MATCH(B2, CRV!A:A, 0)), "")} -> 0.37 | AA2: {=IFERROR(INDEX(CRV!BV:BV, MATCH(B2, CRV!A:A, 0))*X2+4.5*2+7, "")} -> 17.6 | AB2: {=IFERROR(IF(VALUE(XLOOKUP($B2,CRV!$A:$A,CRV!$BU:$BU))<=5.5,"прямой пуск (DOL)","звезда-треугольник (SD)"),"")} -> прямой пуск (DOL) | AC2: {=IFERROR(INDEX(CRV!CA:CA, MATCH(B2, CRV!A:A, 0)), "")} -> HQQE | AD2: 239 | AE2: 75211384
A3: Hydro-FS-A 1/1 CRV 10-2 G2-B-80-16 | B3: =IFERROR(__xludf.DUMMYFUNCTION("IFERROR(IF(REGEXMATCH(REGEXEXTRACT(A3,""\bCRV\s*\d+(?:-\d+)+(?:-(?:A?BI|AI|BI))?\b""),""-(?:A?BI|AI|BI)$""),REGEXREPLACE(REGEXEXTRACT(A3,""\bCRV\s*\d+(?:-\d+)+(?:-(?:A?BI|AI|BI))?\b""),""-(A?BI|AI|BI)$"",""C$1""),REGEXEXTRACT(A3,""\bCRV\s*\d+(?:-\d+)+(?:-"&"(?:A?BI|AI|BI))?\b"")&""C""),"""")"),"CRV 10-2C") -> CRV 10-2C | C3: 1650 | D3: {=IFERROR(XLOOKUP($B3,CRV!$A:$A,CRV!$BA:$BA)+XLOOKUP($B3,CRV!$A:$A,CRV!$BB:$BB)+$O3,"")} -> 643 | E3: 180 | F3: 565 | G3: 520 | H3: 1549 | I3: 1085 | J3: 1760 | K3: 427 | N3: 385 | O3: 100 | Q3: 12 отв. ø16 | R3: 1000 | S3: 800 | T3: 860 | U3: 450 | V3: =IFERROR(__xludf.DUMMYFUNCTION("IFERROR(REGEXEXTRACT(A3,""G2-B-(\d+)""),"""")"),"80") -> 80 | W3: =IF(OR(X3="", Y3=""), "", X3+Y3) -> 2 | X3: =IFERROR(__xludf.DUMMYFUNCTION("IFERROR(VALUE(REGEXEXTRACT(A3,""\b(\d+)/\d+\b"")),"""")"),1.0) -> 1 | Y3: =IFERROR(__xludf.DUMMYFUNCTION("IFERROR(VALUE(REGEXEXTRACT(A3,""\b\d+/(\d+)\b"")),"""") "),1.0) -> 1 | Z3: {=IFERROR(INDEX(CRV!BU:BU, MATCH(B3, CRV!A:A, 0)), "")} -> 0.75 | AA3: {=IFERROR(INDEX(CRV!BV:BV, MATCH(B3, CRV!A:A, 0))*X3+4.5*2+7, "")} -> 19 | AB3: {=IFERROR(IF(VALUE(XLOOKUP($B3,CRV!$A:$A,CRV!$BU:$BU))<=5.5,"прямой пуск (DOL)","звезда-треугольник (SD)"),"")} -> прямой пуск (DOL) | AC3: {=IFERROR(INDEX(CRV!CA:CA, MATCH(B3, CRV!A:A, 0)), "")} -> HQQE | AD3: 243 | AE3: 75211387
A4: Hydro-FS-A 1/1 CRV 10-3 G2-B-80-16 | B4: =IFERROR(__xludf.DUMMYFUNCTION("IFERROR(IF(REGEXMATCH(REGEXEXTRACT(A4,""\bCRV\s*\d+(?:-\d+)+(?:-(?:A?BI|AI|BI))?\b""),""-(?:A?BI|AI|BI)$""),REGEXREPLACE(REGEXEXTRACT(A4,""\bCRV\s*\d+(?:-\d+)+(?:-(?:A?BI|AI|BI))?\b""),""-(A?BI|AI|BI)$"",""C$1""),REGEXEXTRACT(A4,""\bCRV\s*\d+(?:-\d+)+(?:-"&"(?:A?BI|AI|BI))?\b"")&""C""),"""")"),"CRV 10-3C") -> CRV 10-3C | C4: 1650 | D4: {=IFERROR(XLOOKUP($B4,CRV!$A:$A,CRV!$BA:$BA)+XLOOKUP($B4,CRV!$A:$A,CRV!$BB:$BB)+$O4,"")} -> 710 | E4: 180 | F4: 565 | G4: 520 | H4: 1549 | I4: 1085 | J4: 1760 | K4: 427 | N4: 385 | O4: 100 | Q4: 12 отв. ø16 | R4: 1000 | S4: 800 | T4: 860 | U4: 450 | V4: =IFERROR(__xludf.DUMMYFUNCTION("IFERROR(REGEXEXTRACT(A4,""G2-B-(\d+)""),"""")"),"80") -> 80 | W4: =IF(OR(X4="", Y4=""), "", X4+Y4) -> 2 | X4: =IFERROR(__xludf.DUMMYFUNCTION("IFERROR(VALUE(REGEXEXTRACT(A4,""\b(\d+)/\d+\b"")),"""")"),1.0) -> 1 | Y4: =IFERROR(__xludf.DUMMYFUNCTION("IFERROR(VALUE(REGEXEXTRACT(A4,""\b\d+/(\d+)\b"")),"""") "),1.0) -> 1 | Z4: {=IFERROR(INDEX(CRV!BU:BU, MATCH(B4, CRV!A:A, 0)), "")} -> 1.1 | AA4: {=IFERROR(INDEX(CRV!BV:BV, MATCH(B4, CRV!A:A, 0))*X4+4.5*2+7, "")} -> 20.2 | AB4: {=IFERROR(IF(VALUE(XLOOKUP($B4,CRV!$A:$A,CRV!$BU:$BU))<=5.5,"прямой пуск (DOL)","звезда-треугольник (SD)"),"")} -> прямой пуск (DOL) | AC4: {=IFERROR(INDEX(CRV!CA:CA, MATCH(B4, CRV!A:A, 0)), "")} -> HQQE | AD4: 251 | AE4: 75211388
A5: Hydro-FS-A 1/1 CRV 10-4 G2-B-80-16 | B5: =IFERROR(__xludf.DUMMYFUNCTION("IFERROR(IF(REGEXMATCH(REGEXEXTRACT(A5,""\bCRV\s*\d+(?:-\d+)+(?:-(?:A?BI|AI|BI))?\b""),""-(?:A?BI|AI|BI)$""),REGEXREPLACE(REGEXEXTRACT(A5,""\bCRV\s*\d+(?:-\d+)+(?:-(?:A?BI|AI|BI))?\b""),""-(A?BI|AI|BI)$"",""C$1""),REGEXEXTRACT(A5,""\bCRV\s*\d+(?:-\d+)+(?:-"&"(?:A?BI|AI|BI))?\b"")&""C""),"""")"),"CRV 10-4C") -> CRV 10-4C | C5: 1650 | D5: {=IFERROR(XLOOKUP($B5,CRV!$A:$A,CRV!$BA:$BA)+XLOOKUP($B5,CRV!$A:$A,CRV!$BB:$BB)+$O5,"")} -> 740 | E5: 180 | F5: 565 | G5: 520 | H5: 1549 | I5: 1085 | J5: 1760 | K5: 427 | N5: 385 | O5: 100 | Q5: 12 отв. ø16 | R5: 1000 | S5: 800 | T5: 860 | U5: 450 | V5: =IFERROR(__xludf.DUMMYFUNCTION("IFERROR(REGEXEXTRACT(A5,""G2-B-(\d+)""),"""")"),"80") -> 80 | W5: =IF(OR(X5="", Y5=""), "", X5+Y5) -> 2 | X5: =IFERROR(__xludf.DUMMYFUNCTION("IFERROR(VALUE(REGEXEXTRACT(A5,""\b(\d+)/\d+\b"")),"""")"),1.0) -> 1 | Y5: =IFERROR(__xludf.DUMMYFUNCTION("IFERROR(VALUE(REGEXEXTRACT(A5,""\b\d+/(\d+)\b"")),"""") "),1.0) -> 1 | Z5: {=IFERROR(INDEX(CRV!BU:BU, MATCH(B5, CRV!A:A, 0)), "")} -> 1.5 | AA5: {=IFERROR(INDEX(CRV!BV:BV, MATCH(B5, CRV!A:A, 0))*X5+4.5*2+7, "")} -> 21.6 | AB5: {=IFERROR(IF(VALUE(XLOOKUP($B5,CRV!$A:$A,CRV!$BU:$BU))<=5.5,"прямой пуск (DOL)","звезда-треугольник (SD)"),"")} -> прямой пуск (DOL) | AC5: {=IFERROR(INDEX(CRV!CA:CA, MATCH(B5, CRV!A:A, 0)), "")} -> HQQE | AD5: 267 | AE5: 75211385
A6: Hydro-FS-A 1/1 CRV 10-5 G2-B-80-16 | B6: =IFERROR(__xludf.DUMMYFUNCTION("IFERROR(IF(REGEXMATCH(REGEXEXTRACT(A6,""\bCRV\s*\d+(?:-\d+)+(?:-(?:A?BI|AI|BI))?\b""),""-(?:A?BI|AI|BI)$""),REGEXREPLACE(REGEXEXTRACT(A6,""\bCRV\s*\d+(?:-\d+)+(?:-(?:A?BI|AI|BI))?\b""),""-(A?BI|AI|BI)$"",""C$1""),REGEXEXTRACT(A6,""\bCRV\s*\d+(?:-\d+)+(?:-"&"(?:A?BI|AI|BI))?\b"")&""C""),"""")"),"CRV 10-5C") -> CRV 10-5C | C6: 1650 | D6: {=IFERROR(XLOOKUP($B6,CRV!$A:$A,CRV!$BA:$BA)+XLOOKUP($B6,CRV!$A:$A,CRV!$BB:$BB)+$O6,"")} -> 822 | E6: 180 | F6: 565 | G6: 520 | H6: 1549 | I6: 1085 | J6: 1760 | K6: 427 | N6: 385 | O6: 100 | Q6: 12 отв. ø16 | R6: 1000 | S6: 800 | T6: 860 | U6: 450 | V6: =IFERROR(__xludf.DUMMYFUNCTION("IFERROR(REGEXEXTRACT(A6,""G2-B-(\d+)""),"""")"),"80") -> 80 | W6: =IF(OR(X6="", Y6=""), "", X6+Y6) -> 2 | X6: =IFERROR(__xludf.DUMMYFUNCTION("IFERROR(VALUE(REGEXEXTRACT(A6,""\b(\d+)/\d+\b"")),"""")"),1.0) -> 1 | Y6: =IFERROR(__xludf.DUMMYFUNCTION("IFERROR(VALUE(REGEXEXTRACT(A6,""\b\d+/(\d+)\b"")),"""") "),1.0) -> 1 | Z6: {=IFERROR(INDEX(CRV!BU:BU, MATCH(B6, CRV!A:A, 0)), "")} -> 2.2 | AA6: {=IFERROR(INDEX(CRV!BV:BV, MATCH(B6, CRV!A:A, 0))*X6+4.5*2+7, "")} -> 23.9 | AB6: {=IFERROR(IF(VALUE(XLOOKUP($B6,CRV!$A:$A,CRV!$BU:$BU))<=5.5,"прямой пуск (DOL)","звезда-треугольник (SD)"),"")} -> прямой пуск (DOL) | AC6: {=IFERROR(INDEX(CRV!CA:CA, MATCH(B6, CRV!A:A, 0)), "")} -> HQQE | AD6: 269 | AE6: 75211371
A7: Hydro-FS-A 1/1 CRV 10-6 G2-B-80-16 | B7: =IFERROR(__xludf.DUMMYFUNCTION("IFERROR(IF(REGEXMATCH(REGEXEXTRACT(A7,""\bCRV\s*\d+(?:-\d+)+(?:-(?:A?BI|AI|BI))?\b""),""-(?:A?BI|AI|BI)$""),REGEXREPLACE(REGEXEXTRACT(A7,""\bCRV\s*\d+(?:-\d+)+(?:-(?:A?BI|AI|BI))?\b""),""-(A?BI|AI|BI)$"",""C$1""),REGEXEXTRACT(A7,""\bCRV\s*\d+(?:-\d+)+(?:-"&"(?:A?BI|AI|BI))?\b"")&""C""),"""")"),"CRV 10-6C") -> CRV 10-6C | C7: 1650 | D7: {=IFERROR(XLOOKUP($B7,CRV!$A:$A,CRV!$BA:$BA)+XLOOKUP($B7,CRV!$A:$A,CRV!$BB:$BB)+$O7,"")} -> 852 | E7: 180 | F7: 565 | G7: 520 | H7: 1549 | I7: 1085 | J7: 1760 | K7: 427 | N7: 385 | O7: 100 | Q7: 12 отв. ø16 | R7: 1000 | S7: 800 | T7: 860 | U7: 450 | V7: =IFERROR(__xludf.DUMMYFUNCTION("IFERROR(REGEXEXTRACT(A7,""G2-B-(\d+)""),"""")"),"80") -> 80 | W7: =IF(OR(X7="", Y7=""), "", X7+Y7) -> 2 | X7: =IFERROR(__xludf.DUMMYFUNCTION("IFERROR(VALUE(REGEXEXTRACT(A7,""\b(\d+)/\d+\b"")),"""")"),1.0) -> 1 | Y7: =IFERROR(__xludf.DUMMYFUNCTION("IFERROR(VALUE(REGEXEXTRACT(A7,""\b\d+/(\d+)\b"")),"""") "),1.0) -> 1 | Z7: {=IFERROR(INDEX(CRV!BU:BU, MATCH(B7, CRV!A:A, 0)), "")} -> 2.2 | AA7: {=IFERROR(INDEX(CRV!BV:BV, MATCH(B7, CRV!A:A, 0))*X7+4.5*2+7, "")} -> 23.9 | AB7: {=IFERROR(IF(VALUE(XLOOKUP($B7,CRV!$A:$A,CRV!$BU:$BU))<=5.5,"прямой пуск (DOL)","звезда-треугольник (SD)"),"")} -> прямой пуск (DOL) | AC7: {=IFERROR(INDEX(CRV!CA:CA, MATCH(B7, CRV!A:A, 0)), "")} -> HQQE | AD7: 271 | AE7: 75211389
A8: Hydro-FS-A 1/1 CRV 10-9 G2-B-80-16 | B8: =IFERROR(__xludf.DUMMYFUNCTION("IFERROR(IF(REGEXMATCH(REGEXEXTRACT(A8,""\bCRV\s*\d+(?:-\d+)+(?:-(?:A?BI|AI|BI))?\b""),""-(?:A?BI|AI|BI)$""),REGEXREPLACE(REGEXEXTRACT(A8,""\bCRV\s*\d+(?:-\d+)+(?:-(?:A?BI|AI|BI))?\b""),""-(A?BI|AI|BI)$"",""C$1""),REGEXEXTRACT(A8,""\bCRV\s*\d+(?:-\d+)+(?:-"&"(?:A?BI|AI|BI))?\b"")&""C""),"""")"),"CRV 10-9C") -> CRV 10-9C | C8: 1650 | D8: {=IFERROR(XLOOKUP($B8,CRV!$A:$A,CRV!$BA:$BA)+XLOOKUP($B8,CRV!$A:$A,CRV!$BB:$BB)+$O8,"")} -> 962 | E8: 180 | F8: 565 | G8: 520 | H8: 1549 | I8: 1085 | J8: 1760 | K8: 427 | N8: 385 | O8: 100 | Q8: 12 отв. ø16 | R8: 1000 | S8: 800 | T8: 860 | U8: 450 | V8: =IFERROR(__xludf.DUMMYFUNCTION("IFERROR(REGEXEXTRACT(A8,""G2-B-(\d+)""),"""")"),"80") -> 80 | W8: =IF(OR(X8="", Y8=""), "", X8+Y8) -> 2 | X8: =IFERROR(__xludf.DUMMYFUNCTION("IFERROR(VALUE(REGEXEXTRACT(A8,""\b(\d+)/\d+\b"")),"""")"),1.0) -> 1 | Y8: =IFERROR(__xludf.DUMMYFUNCTION("IFERROR(VALUE(REGEXEXTRACT(A8,""\b\d+/(\d+)\b"")),"""") "),1.0) -> 1 | Z8: {=IFERROR(INDEX(CRV!BU:BU, MATCH(B8, CRV!A:A, 0)), "")} -> 3 | AA8: {=IFERROR(INDEX(CRV!BV:BV, MATCH(B8, CRV!A:A, 0))*X8+4.5*2+7, "")} -> 26.4 | AB8: {=IFERROR(IF(VALUE(XLOOKUP($B8,CRV!$A:$A,CRV!$BU:$BU))<=5.5,"прямой пуск (DOL)","звезда-треугольник (SD)"),"")} -> прямой пуск (DOL) | AC8: {=IFERROR(INDEX(CRV!CA:CA, MATCH(B8, CRV!A:A, 0)), "")} -> HQQE | AD8: 287 | AE8: 75211376
A9: Hydro-FS-A 1/1 CRV 10-12 G2-B-80-16 | B9: =IFERROR(__xludf.DUMMYFUNCTION("IFERROR(IF(REGEXMATCH(REGEXEXTRACT(A9,""\bCRV\s*\d+(?:-\d+)+(?:-(?:A?BI|AI|BI))?\b""),""-(?:A?BI|AI|BI)$""),REGEXREPLACE(REGEXEXTRACT(A9,""\bCRV\s*\d+(?:-\d+)+(?:-(?:A?BI|AI|BI))?\b""),""-(A?BI|AI|BI)$"",""C$1""),REGEXEXTRACT(A9,""\bCRV\s*\d+(?:-\d+)+(?:-"&"(?:A?BI|AI|BI))?\b"")&""C""),"""")"),"CRV 10-12C") -> CRV 10-12C | C9: 1650 | D9: {=IFERROR(XLOOKUP($B9,CRV!$A:$A,CRV!$BA:$BA)+XLOOKUP($B9,CRV!$A:$A,CRV!$BB:$BB)+$O9,"")} -> 1085 | E9: 180 | F9: 565 | G9: 520 | H9: 1549 | I9: 1085 | J9: 1760 | K9: 427 | N9: 385 | O9: 100 | Q9: 12 отв. ø16 | R9: 1000 | S9: 800 | T9: 860 | U9: 450 | V9: =IFERROR(__xludf.DUMMYFUNCTION("IFERROR(REGEXEXTRACT(A9,""G2-B-(\d+)""),"""")"),"80") -> 80 | W9: =IF(OR(X9="", Y9=""), "", X9+Y9) -> 2 | X9: =IFERROR(__xludf.DUMMYFUNCTION("IFERROR(VALUE(REGEXEXTRACT(A9,""\b(\d+)/\d+\b"")),"""")"),1.0) -> 1 | Y9: =IFERROR(__xludf.DUMMYFUNCTION("IFERROR(VALUE(REGEXEXTRACT(A9,""\b\d+/(\d+)\b"")),"""") "),1.0) -> 1 | Z9: {=IFERROR(INDEX(CRV!BU:BU, MATCH(B9, CRV!A:A, 0)), "")} -> 4 | AA9: {=IFERROR(INDEX(CRV!BV:BV, MATCH(B9, CRV!A:A, 0))*X9+4.5*2+7, "")} -> 23.8 | AB9: {=IFERROR(IF(VALUE(XLOOKUP($B9,CRV!$A:$A,CRV!$BU:$BU))<=5.5,"прямой пуск (DOL)","звезда-треугольник (SD)"),"")} -> прямой пуск (DOL) | AC9: {=IFERROR(INDEX(CRV!CA:CA, MATCH(B9, CRV!A:A, 0)), "")} -> HQQE | AD9: 315 | AE9: 75211390
A10: Hydro-FS-A 1/1 CRV 10-14 G2-B-80-16 | B10: =IFERROR(__xludf.DUMMYFUNCTION("IFERROR(IF(REGEXMATCH(REGEXEXTRACT(A10,""\bCRV\s*\d+(?:-\d+)+(?:-(?:A?BI|AI|BI))?\b""),""-(?:A?BI|AI|BI)$""),REGEXREPLACE(REGEXEXTRACT(A10,""\bCRV\s*\d+(?:-\d+)+(?:-(?:A?BI|AI|BI))?\b""),""-(A?BI|AI|BI)$"",""C$1""),REGEXEXTRACT(A10,""\bCRV\s*\d+(?:-\d+)+("&"?:-(?:A?BI|AI|BI))?\b"")&""C""),"""")"),"CRV 10-14C") -> CRV 10-14C | C10: 1650 | D10: {=IFERROR(XLOOKUP($B10,CRV!$A:$A,CRV!$BA:$BA)+XLOOKUP($B10,CRV!$A:$A,CRV!$BB:$BB)+$O10,"")} -> 1226 | E10: 180 | F10: 565 | G10: 520 | H10: 1549 | I10: 1085 | J10: 1760 | K10: 427 | N10: 385 | O10: 100 | Q10: 12 отв. ø16 | R10: 1000 | S10: 800 | T10: 860 | U10: 450 | V10: =IFERROR(__xludf.DUMMYFUNCTION("IFERROR(REGEXEXTRACT(A10,""G2-B-(\d+)""),"""")"),"80") -> 80 | W10: =IF(OR(X10="", Y10=""), "", X10+Y10) -> 2 | X10: =IFERROR(__xludf.DUMMYFUNCTION("IFERROR(VALUE(REGEXEXTRACT(A10,""\b(\d+)/\d+\b"")),"""")"),1.0) -> 1 | Y10: =IFERROR(__xludf.DUMMYFUNCTION("IFERROR(VALUE(REGEXEXTRACT(A10,""\b\d+/(\d+)\b"")),"""") "),1.0) -> 1 | Z10: {=IFERROR(INDEX(CRV!BU:BU, MATCH(B10, CRV!A:A, 0)), "")} -> 5.5 | AA10: {=IFERROR(INDEX(CRV!BV:BV, MATCH(B10, CRV!A:A, 0))*X10+4.5*2+7, "")} -> 26.6 | AB10: {=IFERROR(IF(VALUE(XLOOKUP($B10,CRV!$A:$A,CRV!$BU:$BU))<=5.5,"прямой пуск (DOL)","звезда-треугольник (SD)"),"")} -> прямой пуск (DOL) | AC10: {=IFERROR(INDEX(CRV!CA:CA, MATCH(B10, CRV!A:A, 0)), "")} -> HQQE | AD10: 359 | AE10: 75211391
A11: Hydro-FS-A 1/1 CRV 10-16 G2-B-80-25 | B11: =IFERROR(__xludf.DUMMYFUNCTION("IFERROR(IF(REGEXMATCH(REGEXEXTRACT(A11,""\bCRV\s*\d+(?:-\d+)+(?:-(?:A?BI|AI|BI))?\b""),""-(?:A?BI|AI|BI)$""),REGEXREPLACE(REGEXEXTRACT(A11,""\bCRV\s*\d+(?:-\d+)+(?:-(?:A?BI|AI|BI))?\b""),""-(A?BI|AI|BI)$"",""C$1""),REGEXEXTRACT(A11,""\bCRV\s*\d+(?:-\d+)+("&"?:-(?:A?BI|AI|BI))?\b"")&""C""),"""")"),"CRV 10-16C") -> CRV 10-16C | C11: 1650 | D11: {=IFERROR(XLOOKUP($B11,CRV!$A:$A,CRV!$BA:$BA)+XLOOKUP($B11,CRV!$A:$A,CRV!$BB:$BB)+$O11,"")} -> 1286 | E11: 180 | F11: 565 | G11: 520 | H11: 1549 | I11: 1085 | J11: 1760 | K11: 427 | N11: 385 | O11: 100 | Q11: 12 отв. ø16 | R11: 1000 | S11: 800 | T11: 860 | U11: 450 | V11: =IFERROR(__xludf.DUMMYFUNCTION("IFERROR(REGEXEXTRACT(A11,""G2-B-(\d+)""),"""")"),"80") -> 80 | W11: =IF(OR(X11="", Y11=""), "", X11+Y11) -> 2 | X11: =IFERROR(__xludf.DUMMYFUNCTION("IFERROR(VALUE(REGEXEXTRACT(A11,""\b(\d+)/\d+\b"")),"""")"),1.0) -> 1 | Y11: =IFERROR(__xludf.DUMMYFUNCTION("IFERROR(VALUE(REGEXEXTRACT(A11,""\b\d+/(\d+)\b"")),"""") "),1.0) -> 1 | Z11: {=IFERROR(INDEX(CRV!BU:BU, MATCH(B11, CRV!A:A, 0)), "")} -> 5.5 | AA11: {=IFERROR(INDEX(CRV!BV:BV, MATCH(B11, CRV!A:A, 0))*X11+4.5*2+7, "")} -> 26.6 | AB11: {=IFERROR(IF(VALUE(XLOOKUP($B11,CRV!$A:$A,CRV!$BU:$BU))<=5.5,"прямой пуск (DOL)","звезда-треугольник (SD)"),"")} -> прямой пуск (DOL) | AC11: {=IFERROR(INDEX(CRV!CA:CA, MATCH(B11, CRV!A:A, 0)), "")} -> HQQE | AD11: {=IFERROR(AD10-W11*XLOOKUP($B10,CRV!$A:$A,CRV!$BY:$BY)+W11*XLOOKUP($B11,CRV!$A:$A,CRV!$BY:$BY),"ошибка")} -> 363 | AE11: При заказе
A12: Hydro-FS-A 1/1 CRV 10-18 G2-B-80-25 | B12: =IFERROR(__xludf.DUMMYFUNCTION("IFERROR(IF(REGEXMATCH(REGEXEXTRACT(A12,""\bCRV\s*\d+(?:-\d+)+(?:-(?:A?BI|AI|BI))?\b""),""-(?:A?BI|AI|BI)$""),REGEXREPLACE(REGEXEXTRACT(A12,""\bCRV\s*\d+(?:-\d+)+(?:-(?:A?BI|AI|BI))?\b""),""-(A?BI|AI|BI)$"",""C$1""),REGEXEXTRACT(A12,""\bCRV\s*\d+(?:-\d+)+("&"?:-(?:A?BI|AI|BI))?\b"")&""C""),"""")"),"CRV 10-18C") -> CRV 10-18C | C12: 1650 | D12: {=IFERROR(XLOOKUP($B12,CRV!$A:$A,CRV!$BA:$BA)+XLOOKUP($B12,CRV!$A:$A,CRV!$BB:$BB)+$O12,"")} -> 1384 | E12: 180 | F12: 565 | G12: 520 | H12: 1549 | I12: 1085 | J12: 1760 | K12: 427 | N12: 385 | O12: 100 | Q12: 12 отв. ø16 | R12: 1000 | S12: 800 | T12: 860 | U12: 450 | V12: =IFERROR(__xludf.DUMMYFUNCTION("IFERROR(REGEXEXTRACT(A12,""G2-B-(\d+)""),"""")"),"80") -> 80 | W12: =IF(OR(X12="", Y12=""), "", X12+Y12) -> 2 | X12: =IFERROR(__xludf.DUMMYFUNCTION("IFERROR(VALUE(REGEXEXTRACT(A12,""\b(\d+)/\d+\b"")),"""")"),1.0) -> 1 | Y12: =IFERROR(__xludf.DUMMYFUNCTION("IFERROR(VALUE(REGEXEXTRACT(A12,""\b\d+/(\d+)\b"")),"""") "),1.0) -> 1 | Z12: {=IFERROR(INDEX(CRV!BU:BU, MATCH(B12, CRV!A:A, 0)), "")} -> 7.5 | AA12: {=IFERROR(INDEX(CRV!BV:BV, MATCH(B12, CRV!A:A, 0))*X12+4.5*2+7, "")} -> 30.4 | AB12: {=IFERROR(IF(VALUE(XLOOKUP($B12,CRV!$A:$A,CRV!$BU:$BU))<=5.5,"прямой пуск (DOL)","звезда-треугольник (SD)"),"")} -> звезда-треугольник (SD) | AC12: {=IFERROR(INDEX(CRV!CA:CA, MATCH(B12, CRV!A:A, 0)), "")} -> HQQE | AD12: {=IFERROR(AD11-W12*XLOOKUP($B11,CRV!$A:$A,CRV!$BY:$BY)+W12*XLOOKUP($B12,CRV!$A:$A,CRV!$BY:$BY),"ошибка")} -> 373 | AE12: При заказе
A13: Hydro-FS-A 1/1 CRV 10-20 G2-B-80-25 | B13: =IFERROR(__xludf.DUMMYFUNCTION("IFERROR(IF(REGEXMATCH(REGEXEXTRACT(A13,""\bCRV\s*\d+(?:-\d+)+(?:-(?:A?BI|AI|BI))?\b""),""-(?:A?BI|AI|BI)$""),REGEXREPLACE(REGEXEXTRACT(A13,""\bCRV\s*\d+(?:-\d+)+(?:-(?:A?BI|AI|BI))?\b""),""-(A?BI|AI|BI)$"",""C$1""),REGEXEXTRACT(A13,""\bCRV\s*\d+(?:-\d+)+("&"?:-(?:A?BI|AI|BI))?\b"")&""C""),"""")"),"CRV 10-20C") -> CRV 10-20C | C13: 1650 | D13: {=IFERROR(XLOOKUP($B13,CRV!$A:$A,CRV!$BA:$BA)+XLOOKUP($B13,CRV!$A:$A,CRV!$BB:$BB)+$O13,"")} -> 1444 | E13: 180 | F13: 565 | G13: 520 | H13: 1549 | I13: 1085 | J13: 1760 | K13: 427 | N13: 385 | O13: 100 | Q13: 12 отв. ø16 | R13: 1000 | S13: 800 | T13: 860 | U13: 450 | V13: =IFERROR(__xludf.DUMMYFUNCTION("IFERROR(REGEXEXTRACT(A13,""G2-B-(\d+)""),"""")"),"80") -> 80 | W13: =IF(OR(X13="", Y13=""), "", X13+Y13) -> 2 | X13: =IFERROR(__xludf.DUMMYFUNCTION("IFERROR(VALUE(REGEXEXTRACT(A13,""\b(\d+)/\d+\b"")),"""")"),1.0) -> 1 | Y13: =IFERROR(__xludf.DUMMYFUNCTION("IFERROR(VALUE(REGEXEXTRACT(A13,""\b\d+/(\d+)\b"")),"""") "),1.0) -> 1 | Z13: {=IFERROR(INDEX(CRV!BU:BU, MATCH(B13, CRV!A:A, 0)), "")} -> 7.5 | AA13: {=IFERROR(INDEX(CRV!BV:BV, MATCH(B13, CRV!A:A, 0))*X13+4.5*2+7, "")} -> 30.4 | AB13: {=IFERROR(IF(VALUE(XLOOKUP($B13,CRV!$A:$A,CRV!$BU:$BU))<=5.5,"прямой пуск (DOL)","звезда-треугольник (SD)"),"")} -> звезда-треугольник (SD) | AC13: {=IFERROR(INDEX(CRV!CA:CA, MATCH(B13, CRV!A:A, 0)), "")} -> HQQE | AD13: {=IFERROR(AD12-W13*XLOOKUP($B12,CRV!$A:$A,CRV!$BY:$BY)+W13*XLOOKUP($B13,CRV!$A:$A,CRV!$BY:$BY),"ошибка")} -> 377 | AE13: При заказе
A14: Hydro-FS-A 1/1 CRV 10-22 G2-B-80-25 | B14: =IFERROR(__xludf.DUMMYFUNCTION("IFERROR(IF(REGEXMATCH(REGEXEXTRACT(A14,""\bCRV\s*\d+(?:-\d+)+(?:-(?:A?BI|AI|BI))?\b""),""-(?:A?BI|AI|BI)$""),REGEXREPLACE(REGEXEXTRACT(A14,""\bCRV\s*\d+(?:-\d+)+(?:-(?:A?BI|AI|BI))?\b""),""-(A?BI|AI|BI)$"",""C$1""),REGEXEXTRACT(A14,""\bCRV\s*\d+(?:-\d+)+("&"?:-(?:A?BI|AI|BI))?\b"")&""C""),"""")"),"CRV 10-22C") -> CRV 10-22C | C14: 1650 | D14: {=IFERROR(XLOOKUP($B14,CRV!$A:$A,CRV!$BA:$BA)+XLOOKUP($B14,CRV!$A:$A,CRV!$BB:$BB)+$O14,"")} -> 1504 | E14: 180 | F14: 565 | G14: 520 | H14: 1549 | I14: 1085 | J14: 1760 | K14: 427 | N14: 385 | O14: 100 | Q14: 12 отв. ø16 | R14: 1000 | S14: 800 | T14: 860 | U14: 450 | V14: =IFERROR(__xludf.DUMMYFUNCTION("IFERROR(REGEXEXTRACT(A14,""G2-B-(\d+)""),"""")"),"80") -> 80 | W14: =IF(OR(X14="", Y14=""), "", X14+Y14) -> 2 | X14: =IFERROR(__xludf.DUMMYFUNCTION("IFERROR(VALUE(REGEXEXTRACT(A14,""\b(\d+)/\d+\b"")),"""")"),1.0) -> 1 | Y14: =IFERROR(__xludf.DUMMYFUNCTION("IFERROR(VALUE(REGEXEXTRACT(A14,""\b\d+/(\d+)\b"")),"""") "),1.0) -> 1 | Z14: {=IFERROR(INDEX(CRV!BU:BU, MATCH(B14, CRV!A:A, 0)), "")} -> 7.5 | AA14: {=IFERROR(INDEX(CRV!BV:BV, MATCH(B14, CRV!A:A, 0))*X14+4.5*2+7, "")} -> 30.4 | AB14: {=IFERROR(IF(VALUE(XLOOKUP($B14,CRV!$A:$A,CRV!$BU:$BU))<=5.5,"прямой пуск (DOL)","звезда-треугольник (SD)"),"")} -> звезда-треугольник (SD) | AC14: {=IFERROR(INDEX(CRV!CA:CA, MATCH(B14, CRV!A:A, 0)), "")} -> HQQE | AD14: {=IFERROR(AD13-W14*XLOOKUP($B13,CRV!$A:$A,CRV!$BY:$BY)+W14*XLOOKUP($B14,CRV!$A:$A,CRV!$BY:$BY),"ошибка")} -> 383 | AE14: При заказе
B15: =IFERROR(__xludf.DUMMYFUNCTION("IFERROR(IF(REGEXMATCH(REGEXEXTRACT(A15,""\bCRV\s*\d+(?:-\d+)+(?:-(?:A?BI|AI|BI))?\b""),""-(?:A?BI|AI|BI)$""),REGEXREPLACE(REGEXEXTRACT(A15,""\bCRV\s*\d+(?:-\d+)+(?:-(?:A?BI|AI|BI))?\b""),""-(A?BI|AI|BI)$"",""C$1""),REGEXEXTRACT(A15,""\bCRV\s*\d+(?:-\d+)+("&"?:-(?:A?BI|AI|BI))?\b"")&""C""),"""")"),"") | D15: {=IFERROR(XLOOKUP($B15,CRV!$A:$A,CRV!$BA:$BA)+XLOOKUP($B15,CRV!$A:$A,CRV!$BB:$BB)+$O15,"")} | V15: =IFERROR(__xludf.DUMMYFUNCTION("IFERROR(REGEXEXTRACT(A15,""G2-B-(\d+)""),"""")"),"") | W15: =IF(OR(X15="", Y15=""), "", X15+Y15) | X15: =IFERROR(__xludf.DUMMYFUNCTION("IFERROR(VALUE(REGEXEXTRACT(A15,""\b(\d+)/\d+\b"")),"""")"),"") | Y15: =IFERROR(__xludf.DUMMYFUNCTION("IFERROR(VALUE(REGEXEXTRACT(A15,""\b\d+/(\d+)\b"")),"""") "),"") | Z15: {=IFERROR(INDEX(CRV!BU:BU, MATCH(B15, CRV!A:A, 0)), "")} | AA15: {=IFERROR(INDEX(CRV!BV:BV, MATCH(B15, CRV!A:A, 0))*X15+4.5*2+7, "")} | AB15: {=IFERROR(IF(VALUE(XLOOKUP($B15,CRV!$A:$A,CRV!$BU:$BU))<=5.5,"прямой пуск (DOL)","звезда-треугольник (SD)"),"")} | AC15: {=IFERROR(INDEX(CRV!CA:CA, MATCH(B15, CRV!A:A, 0)), "")}
A16: Hydro-FS-A 1/1 CRV 15-1 G2-B-80-16 | B16: =IFERROR(__xludf.DUMMYFUNCTION("IFERROR(IF(REGEXMATCH(REGEXEXTRACT(A16,""\bCRV\s*\d+(?:-\d+)+(?:-(?:A?BI|AI|BI))?\b""),""-(?:A?BI|AI|BI)$""),REGEXREPLACE(REGEXEXTRACT(A16,""\bCRV\s*\d+(?:-\d+)+(?:-(?:A?BI|AI|BI))?\b""),""-(A?BI|AI|BI)$"",""C$1""),REGEXEXTRACT(A16,""\bCRV\s*\d+(?:-\d+)+("&"?:-(?:A?BI|AI|BI))?\b"")&""C""),"""")"),"CRV 15-1C") -> CRV 15-1C | C16: 1650 | D16: {=IFERROR(XLOOKUP($B16,CRV!$A:$A,CRV!$BA:$BA)+XLOOKUP($B16,CRV!$A:$A,CRV!$BB:$BB)+$O16,"")} -> 672 | E16: 190 | F16: 585 | G16: 540 | H16: 1589 | I16: 1125 | J16: 1760 | K16: 427 | N16: 385 | O16: 100 | Q16: 12 отв. ø16 | R16: 1000 | S16: 800 | T16: 860 | U16: 450 | V16: =IFERROR(__xludf.DUMMYFUNCTION("IFERROR(REGEXEXTRACT(A16,""G2-B-(\d+)""),"""")"),"80") -> 80 | W16: =IF(OR(X16="", Y16=""), "", X16+Y16) -> 2 | X16: =IFERROR(__xludf.DUMMYFUNCTION("IFERROR(VALUE(REGEXEXTRACT(A16,""\b(\d+)/\d+\b"")),"""")"),1.0) -> 1 | Y16: =IFERROR(__xludf.DUMMYFUNCTION("IFERROR(VALUE(REGEXEXTRACT(A16,""\b\d+/(\d+)\b"")),"""") "),1.0) -> 1 | Z16: {=IFERROR(INDEX(CRV!BU:BU, MATCH(B16, CRV!A:A, 0)), "")} -> 1.1 | AA16: {=IFERROR(INDEX(CRV!BV:BV, MATCH(B16, CRV!A:A, 0))*X16+4.5*2+7, "")} -> 20.2 | AB16: {=IFERROR(IF(VALUE(XLOOKUP($B16,CRV!$A:$A,CRV!$BU:$BU))<=5.5,"прямой пуск (DOL)","звезда-треугольник (SD)"),"")} -> прямой пуск (DOL) | AC16: {=IFERROR(INDEX(CRV!CA:CA, MATCH(B16, CRV!A:A, 0)), "")} -> HQQE | AD16: 267 | AE16: 75211375
A17: Hydro-FS-A 1/1 CRV 15-2 G2-B-80-16 | B17: =IFERROR(__xludf.DUMMYFUNCTION("IFERROR(IF(REGEXMATCH(REGEXEXTRACT(A17,""\bCRV\s*\d+(?:-\d+)+(?:-(?:A?BI|AI|BI))?\b""),""-(?:A?BI|AI|BI)$""),REGEXREPLACE(REGEXEXTRACT(A17,""\bCRV\s*\d+(?:-\d+)+(?:-(?:A?BI|AI|BI))?\b""),""-(A?BI|AI|BI)$"",""C$1""),REGEXEXTRACT(A17,""\bCRV\s*\d+(?:-\d+)+("&"?:-(?:A?BI|AI|BI))?\b"")&""C""),"""")"),"CRV 15-2C") -> CRV 15-2C | C17: 1650 | D17: {=IFERROR(XLOOKUP($B17,CRV!$A:$A,CRV!$BA:$BA)+XLOOKUP($B17,CRV!$A:$A,CRV!$BB:$BB)+$O17,"")} -> 769 | E17: 190 | F17: 585 | G17: 540 | H17: 1589 | I17: 1125 | J17: 1760 | K17: 427 | N17: 385 | O17: 100 | Q17: 12 отв. ø16 | R17: 1000 | S17: 800 | T17: 860 | U17: 450 | V17: =IFERROR(__xludf.DUMMYFUNCTION("IFERROR(REGEXEXTRACT(A17,""G2-B-(\d+)""),"""")"),"80") -> 80 | W17: =IF(OR(X17="", Y17=""), "", X17+Y17) -> 2 | X17: =IFERROR(__xludf.DUMMYFUNCTION("IFERROR(VALUE(REGEXEXTRACT(A17,""\b(\d+)/\d+\b"")),"""")"),1.0) -> 1 | Y17: =IFERROR(__xludf.DUMMYFUNCTION("IFERROR(VALUE(REGEXEXTRACT(A17,""\b\d+/(\d+)\b"")),"""") "),1.0) -> 1 | Z17: {=IFERROR(INDEX(CRV!BU:BU, MATCH(B17, CRV!A:A, 0)), "")} -> 2.2 | AA17: {=IFERROR(INDEX(CRV!BV:BV, MATCH(B17, CRV!A:A, 0))*X17+4.5*2+7, "")} -> 23.9 | AB17: {=IFERROR(IF(VALUE(XLOOKUP($B17,CRV!$A:$A,CRV!$BU:$BU))<=5.5,"прямой пуск (DOL)","звезда-треугольник (SD)"),"")} -> прямой пуск (DOL) | AC17: {=IFERROR(INDEX(CRV!CA:CA, MATCH(B17, CRV!A:A, 0)), "")} -> HQQE | AD17: 283 | AE17: 75211392
A18: Hydro-FS-A 1/1 CRV 15-3 G2-B-80-16 | B18: =IFERROR(__xludf.DUMMYFUNCTION("IFERROR(IF(REGEXMATCH(REGEXEXTRACT(A18,""\bCRV\s*\d+(?:-\d+)+(?:-(?:A?BI|AI|BI))?\b""),""-(?:A?BI|AI|BI)$""),REGEXREPLACE(REGEXEXTRACT(A18,""\bCRV\s*\d+(?:-\d+)+(?:-(?:A?BI|AI|BI))?\b""),""-(A?BI|AI|BI)$"",""C$1""),REGEXEXTRACT(A18,""\bCRV\s*\d+(?:-\d+)+("&"?:-(?:A?BI|AI|BI))?\b"")&""C""),"""")"),"CRV 15-3C") -> CRV 15-3C | C18: 1650 | D18: {=IFERROR(XLOOKUP($B18,CRV!$A:$A,CRV!$BA:$BA)+XLOOKUP($B18,CRV!$A:$A,CRV!$BB:$BB)+$O18,"")} -> 834 | E18: 190 | F18: 585 | G18: 540 | H18: 1589 | I18: 1125 | J18: 1760 | K18: 427 | N18: 385 | O18: 100 | Q18: 12 отв. ø16 | R18: 1000 | S18: 800 | T18: 860 | U18: 450 | V18: =IFERROR(__xludf.DUMMYFUNCTION("IFERROR(REGEXEXTRACT(A18,""G2-B-(\d+)""),"""")"),"80") -> 80 | W18: =IF(OR(X18="", Y18=""), "", X18+Y18) -> 2 | X18: =IFERROR(__xludf.DUMMYFUNCTION("IFERROR(VALUE(REGEXEXTRACT(A18,""\b(\d+)/\d+\b"")),"""")"),1.0) -> 1 | Y18: =IFERROR(__xludf.DUMMYFUNCTION("IFERROR(VALUE(REGEXEXTRACT(A18,""\b\d+/(\d+)\b"")),"""") "),1.0) -> 1 | Z18: {=IFERROR(INDEX(CRV!BU:BU, MATCH(B18, CRV!A:A, 0)), "")} -> 3 | AA18: {=IFERROR(INDEX(CRV!BV:BV, MATCH(B18, CRV!A:A, 0))*X18+4.5*2+7, "")} -> 26.4 | AB18: {=IFERROR(IF(VALUE(XLOOKUP($B18,CRV!$A:$A,CRV!$BU:$BU))<=5.5,"прямой пуск (DOL)","звезда-треугольник (SD)"),"")} -> прямой пуск (DOL) | AC18: {=IFERROR(INDEX(CRV!CA:CA, MATCH(B18, CRV!A:A, 0)), "")} -> HQQE | AD18: 293 | AE18: 75211393
A19: Hydro-FS-A 1/1 CRV 15-4 G2-B-80-16 | B19: =IFERROR(__xludf.DUMMYFUNCTION("IFERROR(IF(REGEXMATCH(REGEXEXTRACT(A19,""\bCRV\s*\d+(?:-\d+)+(?:-(?:A?BI|AI|BI))?\b""),""-(?:A?BI|AI|BI)$""),REGEXREPLACE(REGEXEXTRACT(A19,""\bCRV\s*\d+(?:-\d+)+(?:-(?:A?BI|AI|BI))?\b""),""-(A?BI|AI|BI)$"",""C$1""),REGEXEXTRACT(A19,""\bCRV\s*\d+(?:-\d+)+("&"?:-(?:A?BI|AI|BI))?\b"")&""C""),"""")"),"CRV 15-4C") -> CRV 15-4C | C19: 1650 | D19: {=IFERROR(XLOOKUP($B19,CRV!$A:$A,CRV!$BA:$BA)+XLOOKUP($B19,CRV!$A:$A,CRV!$BB:$BB)+$O19,"")} -> 912 | E19: 190 | F19: 585 | G19: 540 | H19: 1589 | I19: 1125 | J19: 1760 | K19: 427 | N19: 385 | O19: 100 | Q19: 12 отв. ø16 | R19: 1000 | S19: 800 | T19: 860 | U19: 450 | V19: =IFERROR(__xludf.DUMMYFUNCTION("IFERROR(REGEXEXTRACT(A19,""G2-B-(\d+)""),"""")"),"80") -> 80 | W19: =IF(OR(X19="", Y19=""), "", X19+Y19) -> 2 | X19: =IFERROR(__xludf.DUMMYFUNCTION("IFERROR(VALUE(REGEXEXTRACT(A19,""\b(\d+)/\d+\b"")),"""")"),1.0) -> 1 | Y19: =IFERROR(__xludf.DUMMYFUNCTION("IFERROR(VALUE(REGEXEXTRACT(A19,""\b\d+/(\d+)\b"")),"""") "),1.0) -> 1 | Z19: {=IFERROR(INDEX(CRV!BU:BU, MATCH(B19, CRV!A:A, 0)), "")} -> 4 | AA19: {=IFERROR(INDEX(CRV!BV:BV, MATCH(B19, CRV!A:A, 0))*X19+4.5*2+7, "")} -> 23.8 | AB19: {=IFERROR(IF(VALUE(XLOOKUP($B19,CRV!$A:$A,CRV!$BU:$BU))<=5.5,"прямой пуск (DOL)","звезда-треугольник (SD)"),"")} -> прямой пуск (DOL) | AC19: {=IFERROR(INDEX(CRV!CA:CA, MATCH(B19, CRV!A:A, 0)), "")} -> HQQE | AD19: 319 | AE19: 75211394
A20: Hydro-FS-A 1/1 CRV 15-5 G2-B-80-16 | B20: =IFERROR(__xludf.DUMMYFUNCTION("IFERROR(IF(REGEXMATCH(REGEXEXTRACT(A20,""\bCRV\s*\d+(?:-\d+)+(?:-(?:A?BI|AI|BI))?\b""),""-(?:A?BI|AI|BI)$""),REGEXREPLACE(REGEXEXTRACT(A20,""\bCRV\s*\d+(?:-\d+)+(?:-(?:A?BI|AI|BI))?\b""),""-(A?BI|AI|BI)$"",""C$1""),REGEXEXTRACT(A20,""\bCRV\s*\d+(?:-\d+)+("&"?:-(?:A?BI|AI|BI))?\b"")&""C""),"""")"),"CRV 15-5C") -> CRV 15-5C | C20: 1650 | D20: {=IFERROR(XLOOKUP($B20,CRV!$A:$A,CRV!$BA:$BA)+XLOOKUP($B20,CRV!$A:$A,CRV!$BB:$BB)+$O20,"")} -> 957 | E20: 190 | F20: 585 | G20: 540 | H20: 1589 | I20: 1125 | J20: 1760 | K20: 427 | N20: 385 | O20: 100 | Q20: 12 отв. ø16 | R20: 1000 | S20: 800 | T20: 860 | U20: 450 | V20: =IFERROR(__xludf.DUMMYFUNCTION("IFERROR(REGEXEXTRACT(A20,""G2-B-(\d+)""),"""")"),"80") -> 80 | W20: =IF(OR(X20="", Y20=""), "", X20+Y20) -> 2 | X20: =IFERROR(__xludf.DUMMYFUNCTION("IFERROR(VALUE(REGEXEXTRACT(A20,""\b(\d+)/\d+\b"")),"""")"),1.0) -> 1 | Y20: =IFERROR(__xludf.DUMMYFUNCTION("IFERROR(VALUE(REGEXEXTRACT(A20,""\b\d+/(\d+)\b"")),"""") "),1.0) -> 1 | Z20: {=IFERROR(INDEX(CRV!BU:BU, MATCH(B20, CRV!A:A, 0)), "")} -> 4 | AA20: {=IFERROR(INDEX(CRV!BV:BV, MATCH(B20, CRV!A:A, 0))*X20+4.5*2+7, "")} -> 23.8 | AB20: {=IFERROR(IF(VALUE(XLOOKUP($B20,CRV!$A:$A,CRV!$BU:$BU))<=5.5,"прямой пуск (DOL)","звезда-треугольник (SD)"),"")} -> прямой пуск (DOL) | AC20: {=IFERROR(INDEX(CRV!CA:CA, MATCH(B20, CRV!A:A, 0)), "")} -> HQQE | AD20: 321 | AE20: 75211395
A21: Hydro-FS-A 1/1 CRV 15-6 G2-B-80-16 | B21: =IFERROR(__xludf.DUMMYFUNCTION("IFERROR(IF(REGEXMATCH(REGEXEXTRACT(A21,""\bCRV\s*\d+(?:-\d+)+(?:-(?:A?BI|AI|BI))?\b""),""-(?:A?BI|AI|BI)$""),REGEXREPLACE(REGEXEXTRACT(A21,""\bCRV\s*\d+(?:-\d+)+(?:-(?:A?BI|AI|BI))?\b""),""-(A?BI|AI|BI)$"",""C$1""),REGEXEXTRACT(A21,""\bCRV\s*\d+(?:-\d+)+("&"?:-(?:A?BI|AI|BI))?\b"")&""C""),"""")"),"CRV 15-6C") -> CRV 15-6C | C21: 1650 | D21: {=IFERROR(XLOOKUP($B21,CRV!$A:$A,CRV!$BA:$BA)+XLOOKUP($B21,CRV!$A:$A,CRV!$BB:$BB)+$O21,"")} -> 1083 | E21: 190 | F21: 585 | G21: 540 | H21: 1589 | I21: 1125 | J21: 1760 | K21: 427 | N21: 385 | O21: 100 | Q21: 12 отв. ø16 | R21: 1000 | S21: 800 | T21: 860 | U21: 450 | V21: =IFERROR(__xludf.DUMMYFUNCTION("IFERROR(REGEXEXTRACT(A21,""G2-B-(\d+)""),"""")"),"80") -> 80 | W21: =IF(OR(X21="", Y21=""), "", X21+Y21) -> 2 | X21: =IFERROR(__xludf.DUMMYFUNCTION("IFERROR(VALUE(REGEXEXTRACT(A21,""\b(\d+)/\d+\b"")),"""")"),1.0) -> 1 | Y21: =IFERROR(__xludf.DUMMYFUNCTION("IFERROR(VALUE(REGEXEXTRACT(A21,""\b\d+/(\d+)\b"")),"""") "),1.0) -> 1 | Z21: {=IFERROR(INDEX(CRV!BU:BU, MATCH(B21, CRV!A:A, 0)), "")} -> 5.5 | AA21: {=IFERROR(INDEX(CRV!BV:BV, MATCH(B21, CRV!A:A, 0))*X21+4.5*2+7, "")} -> 26.6 | AB21: {=IFERROR(IF(VALUE(XLOOKUP($B21,CRV!$A:$A,CRV!$BU:$BU))<=5.5,"прямой пуск (DOL)","звезда-треугольник (SD)"),"")} -> прямой пуск (DOL) | AC21: {=IFERROR(INDEX(CRV!CA:CA, MATCH(B21, CRV!A:A, 0)), "")} -> HQQE | AD21: 365 | AE21: 75211396
A22: Hydro-FS-A 1/1 CRV 15-7 G2-B-80-16 | B22: =IFERROR(__xludf.DUMMYFUNCTION("IFERROR(IF(REGEXMATCH(REGEXEXTRACT(A22,""\bCRV\s*\d+(?:-\d+)+(?:-(?:A?BI|AI|BI))?\b""),""-(?:A?BI|AI|BI)$""),REGEXREPLACE(REGEXEXTRACT(A22,""\bCRV\s*\d+(?:-\d+)+(?:-(?:A?BI|AI|BI))?\b""),""-(A?BI|AI|BI)$"",""C$1""),REGEXEXTRACT(A22,""\bCRV\s*\d+(?:-\d+)+("&"?:-(?:A?BI|AI|BI))?\b"")&""C""),"""")"),"CRV 15-7C") -> CRV 15-7C | C22: 1650 | D22: {=IFERROR(XLOOKUP($B22,CRV!$A:$A,CRV!$BA:$BA)+XLOOKUP($B22,CRV!$A:$A,CRV!$BB:$BB)+$O22,"")} -> 1128 | E22: 190 | F22: 585 | G22: 540 | H22: 1589 | I22: 1125 | J22: 1760 | K22: 427 | N22: 385 | O22: 100 | Q22: 12 отв. ø16 | R22: 1000 | S22: 800 | T22: 860 | U22: 450 | V22: =IFERROR(__xludf.DUMMYFUNCTION("IFERROR(REGEXEXTRACT(A22,""G2-B-(\d+)""),"""")"),"80") -> 80 | W22: =IF(OR(X22="", Y22=""), "", X22+Y22) -> 2 | X22: =IFERROR(__xludf.DUMMYFUNCTION("IFERROR(VALUE(REGEXEXTRACT(A22,""\b(\d+)/\d+\b"")),"""")"),1.0) -> 1 | Y22: =IFERROR(__xludf.DUMMYFUNCTION("IFERROR(VALUE(REGEXEXTRACT(A22,""\b\d+/(\d+)\b"")),"""") "),1.0) -> 1 | Z22: {=IFERROR(INDEX(CRV!BU:BU, MATCH(B22, CRV!A:A, 0)), "")} -> 5.5 | AA22: {=IFERROR(INDEX(CRV!BV:BV, MATCH(B22, CRV!A:A, 0))*X22+4.5*2+7, "")} -> 26.6 | AB22: {=IFERROR(IF(VALUE(XLOOKUP($B22,CRV!$A:$A,CRV!$BU:$BU))<=5.5,"прямой пуск (DOL)","звезда-треугольник (SD)"),"")} -> прямой пуск (DOL) | AC22: {=IFERROR(INDEX(CRV!CA:CA, MATCH(B22, CRV!A:A, 0)), "")} -> HQQE | AD22: 369 | AE22: 75211397
A23: Hydro-FS-A 1/1 CRV 15-8 G2-B-80-16 | B23: =IFERROR(__xludf.DUMMYFUNCTION("IFERROR(IF(REGEXMATCH(REGEXEXTRACT(A23,""\bCRV\s*\d+(?:-\d+)+(?:-(?:A?BI|AI|BI))?\b""),""-(?:A?BI|AI|BI)$""),REGEXREPLACE(REGEXEXTRACT(A23,""\bCRV\s*\d+(?:-\d+)+(?:-(?:A?BI|AI|BI))?\b""),""-(A?BI|AI|BI)$"",""C$1""),REGEXEXTRACT(A23,""\bCRV\s*\d+(?:-\d+)+("&"?:-(?:A?BI|AI|BI))?\b"")&""C""),"""")"),"CRV 15-8C") -> CRV 15-8C | C23: 1650 | D23: {=IFERROR(XLOOKUP($B23,CRV!$A:$A,CRV!$BA:$BA)+XLOOKUP($B23,CRV!$A:$A,CRV!$BB:$BB)+$O23,"")} -> 1211 | E23: 190 | F23: 585 | G23: 540 | H23: 1589 | I23: 1125 | J23: 1760 | K23: 427 | N23: 385 | O23: 100 | Q23: 12 отв. ø16 | R23: 1000 | S23: 800 | T23: 860 | U23: 450 | V23: =IFERROR(__xludf.DUMMYFUNCTION("IFERROR(REGEXEXTRACT(A23,""G2-B-(\d+)""),"""")"),"80") -> 80 | W23: =IF(OR(X23="", Y23=""), "", X23+Y23) -> 2 | X23: =IFERROR(__xludf.DUMMYFUNCTION("IFERROR(VALUE(REGEXEXTRACT(A23,""\b(\d+)/\d+\b"")),"""")"),1.0) -> 1 | Y23: =IFERROR(__xludf.DUMMYFUNCTION("IFERROR(VALUE(REGEXEXTRACT(A23,""\b\d+/(\d+)\b"")),"""") "),1.0) -> 1 | Z23: {=IFERROR(INDEX(CRV!BU:BU, MATCH(B23, CRV!A:A, 0)), "")} -> 7.5 | AA23: {=IFERROR(INDEX(CRV!BV:BV, MATCH(B23, CRV!A:A, 0))*X23+4.5*2+7, "")} -> 30.4 | AB23: {=IFERROR(IF(VALUE(XLOOKUP($B23,CRV!$A:$A,CRV!$BU:$BU))<=5.5,"прямой пуск (DOL)","звезда-треугольник (SD)"),"")} -> звезда-треугольник (SD) | AC23: {=IFERROR(INDEX(CRV!CA:CA, MATCH(B23, CRV!A:A, 0)), "")} -> HQQE | AD23: 377 | AE23: 75211398
A24: Hydro-FS-A 1/1 CRV 15-9 G2-B-80-16 | B24: =IFERROR(__xludf.DUMMYFUNCTION("IFERROR(IF(REGEXMATCH(REGEXEXTRACT(A24,""\bCRV\s*\d+(?:-\d+)+(?:-(?:A?BI|AI|BI))?\b""),""-(?:A?BI|AI|BI)$""),REGEXREPLACE(REGEXEXTRACT(A24,""\bCRV\s*\d+(?:-\d+)+(?:-(?:A?BI|AI|BI))?\b""),""-(A?BI|AI|BI)$"",""C$1""),REGEXEXTRACT(A24,""\bCRV\s*\d+(?:-\d+)+("&"?:-(?:A?BI|AI|BI))?\b"")&""C""),"""")"),"CRV 15-9C") -> CRV 15-9C | C24: 1650 | D24: {=IFERROR(XLOOKUP($B24,CRV!$A:$A,CRV!$BA:$BA)+XLOOKUP($B24,CRV!$A:$A,CRV!$BB:$BB)+$O24,"")} -> 1256 | E24: 190 | F24: 585 | G24: 540 | H24: 1589 | I24: 1125 | J24: 1760 | K24: 427 | N24: 385 | O24: 100 | Q24: 12 отв. ø16 | R24: 1000 | S24: 800 | T24: 860 | U24: 450 | V24: =IFERROR(__xludf.DUMMYFUNCTION("IFERROR(REGEXEXTRACT(A24,""G2-B-(\d+)""),"""")"),"80") -> 80 | W24: =IF(OR(X24="", Y24=""), "", X24+Y24) -> 2 | X24: =IFERROR(__xludf.DUMMYFUNCTION("IFERROR(VALUE(REGEXEXTRACT(A24,""\b(\d+)/\d+\b"")),"""")"),1.0) -> 1 | Y24: =IFERROR(__xludf.DUMMYFUNCTION("IFERROR(VALUE(REGEXEXTRACT(A24,""\b\d+/(\d+)\b"")),"""") "),1.0) -> 1 | Z24: {=IFERROR(INDEX(CRV!BU:BU, MATCH(B24, CRV!A:A, 0)), "")} -> 7.5 | AA24: {=IFERROR(INDEX(CRV!BV:BV, MATCH(B24, CRV!A:A, 0))*X24+4.5*2+7, "")} -> 30.4 | AB24: {=IFERROR(IF(VALUE(XLOOKUP($B24,CRV!$A:$A,CRV!$BU:$BU))<=5.5,"прямой пуск (DOL)","звезда-треугольник (SD)"),"")} -> звезда-треугольник (SD) | AC24: {=IFERROR(INDEX(CRV!CA:CA, MATCH(B24, CRV!A:A, 0)), "")} -> HQQE | AD24: 379 | AE24: 75211399
A25: Hydro-FS-A 1/1 CRV 15-10 G2-B-80-16 | B25: =IFERROR(__xludf.DUMMYFUNCTION("IFERROR(IF(REGEXMATCH(REGEXEXTRACT(A25,""\bCRV\s*\d+(?:-\d+)+(?:-(?:A?BI|AI|BI))?\b""),""-(?:A?BI|AI|BI)$""),REGEXREPLACE(REGEXEXTRACT(A25,""\bCRV\s*\d+(?:-\d+)+(?:-(?:A?BI|AI|BI))?\b""),""-(A?BI|AI|BI)$"",""C$1""),REGEXEXTRACT(A25,""\bCRV\s*\d+(?:-\d+)+("&"?:-(?:A?BI|AI|BI))?\b"")&""C""),"""")"),"CRV 15-10C") -> CRV 15-10C | C25: 1650 | D25: {=IFERROR(XLOOKUP($B25,CRV!$A:$A,CRV!$BA:$BA)+XLOOKUP($B25,CRV!$A:$A,CRV!$BB:$BB)+$O25,"")} -> 1417 | E25: 190 | F25: 585 | G25: 540 | H25: 1589 | I25: 1125 | J25: 1760 | K25: 427 | N25: 385 | O25: 100 | Q25: 12 отв. ø16 | R25: 1000 | S25: 800 | T25: 860 | U25: 450 | V25: =IFERROR(__xludf.DUMMYFUNCTION("IFERROR(REGEXEXTRACT(A25,""G2-B-(\d+)""),"""")"),"80") -> 80 | W25: =IF(OR(X25="", Y25=""), "", X25+Y25) -> 2 | X25: =IFERROR(__xludf.DUMMYFUNCTION("IFERROR(VALUE(REGEXEXTRACT(A25,""\b(\d+)/\d+\b"")),"""")"),1.0) -> 1 | Y25: =IFERROR(__xludf.DUMMYFUNCTION("IFERROR(VALUE(REGEXEXTRACT(A25,""\b\d+/(\d+)\b"")),"""") "),1.0) -> 1 | Z25: {=IFERROR(INDEX(CRV!BU:BU, MATCH(B25, CRV!A:A, 0)), "")} -> 11 | AA25: {=IFERROR(INDEX(CRV!BV:BV, MATCH(B25, CRV!A:A, 0))*X25+4.5*2+7, "")} -> 36.6 | AB25: {=IFERROR(IF(VALUE(XLOOKUP($B25,CRV!$A:$A,CRV!$BU:$BU))<=5.5,"прямой пуск (DOL)","звезда-треугольник (SD)"),"")} -> звезда-треугольник (SD) | AC25: {=IFERROR(INDEX(CRV!CA:CA, MATCH(B25, CRV!A:A, 0)), "")} -> HQQE | AD25: 465 | AE25: 75211400
A26: Hydro-FS-A 1/1 CRV 15-12 G2-B-80-25 | B26: =IFERROR(__xludf.DUMMYFUNCTION("IFERROR(IF(REGEXMATCH(REGEXEXTRACT(A26,""\bCRV\s*\d+(?:-\d+)+(?:-(?:A?BI|AI|BI))?\b""),""-(?:A?BI|AI|BI)$""),REGEXREPLACE(REGEXEXTRACT(A26,""\bCRV\s*\d+(?:-\d+)+(?:-(?:A?BI|AI|BI))?\b""),""-(A?BI|AI|BI)$"",""C$1""),REGEXEXTRACT(A26,""\bCRV\s*\d+(?:-\d+)+("&"?:-(?:A?BI|AI|BI))?\b"")&""C""),"""")"),"CRV 15-12C") -> CRV 15-12C | C26: 1650 | D26: {=IFERROR(XLOOKUP($B26,CRV!$A:$A,CRV!$BA:$BA)+XLOOKUP($B26,CRV!$A:$A,CRV!$BB:$BB)+$O26,"")} -> 1507 | E26: 190 | F26: 585 | G26: 540 | H26: 1589 | I26: 1125 | J26: 1760 | K26: 427 | N26: 385 | O26: 100 | Q26: 12 отв. ø16 | R26: 1000 | S26: 800 | T26: 860 | U26: 450 | V26: =IFERROR(__xludf.DUMMYFUNCTION("IFERROR(REGEXEXTRACT(A26,""G2-B-(\d+)""),"""")"),"80") -> 80 | W26: =IF(OR(X26="", Y26=""), "", X26+Y26) -> 2 | X26: =IFERROR(__xludf.DUMMYFUNCTION("IFERROR(VALUE(REGEXEXTRACT(A26,""\b(\d+)/\d+\b"")),"""")"),1.0) -> 1 | Y26: =IFERROR(__xludf.DUMMYFUNCTION("IFERROR(VALUE(REGEXEXTRACT(A26,""\b\d+/(\d+)\b"")),"""") "),1.0) -> 1 | Z26: {=IFERROR(INDEX(CRV!BU:BU, MATCH(B26, CRV!A:A, 0)), "")} -> 11 | AA26: {=IFERROR(INDEX(CRV!BV:BV, MATCH(B26, CRV!A:A, 0))*X26+4.5*2+7, "")} -> 36.6 | AB26: {=IFERROR(IF(VALUE(XLOOKUP($B26,CRV!$A:$A,CRV!$BU:$BU))<=5.5,"прямой пуск (DOL)","звезда-треугольник (SD)"),"")} -> звезда-треугольник (SD) | AC26: {=IFERROR(INDEX(CRV!CA:CA, MATCH(B26, CRV!A:A, 0)), "")} -> HQQE | AD26: {=IFERROR(AD25-W26*XLOOKUP($B25,CRV!$A:$A,CRV!$BY:$BY)+W26*XLOOKUP($B26,CRV!$A:$A,CRV!$BY:$BY),"ошибка")} -> 473 | AE26: При заказе
A27: Hydro-FS-A 1/1 CRV 15-14 G2-B-80-25 | B27: =IFERROR(__xludf.DUMMYFUNCTION("IFERROR(IF(REGEXMATCH(REGEXEXTRACT(A27,""\bCRV\s*\d+(?:-\d+)+(?:-(?:A?BI|AI|BI))?\b""),""-(?:A?BI|AI|BI)$""),REGEXREPLACE(REGEXEXTRACT(A27,""\bCRV\s*\d+(?:-\d+)+(?:-(?:A?BI|AI|BI))?\b""),""-(A?BI|AI|BI)$"",""C$1""),REGEXEXTRACT(A27,""\bCRV\s*\d+(?:-\d+)+("&"?:-(?:A?BI|AI|BI))?\b"")&""C""),"""")"),"CRV 15-14C") -> CRV 15-14C | C27: 1650 | D27: {=IFERROR(XLOOKUP($B27,CRV!$A:$A,CRV!$BA:$BA)+XLOOKUP($B27,CRV!$A:$A,CRV!$BB:$BB)+$O27,"")} -> 1597 | E27: 190 | F27: 585 | G27: 540 | H27: 1589 | I27: 1125 | J27: 1760 | K27: 427 | N27: 385 | O27: 100 | Q27: 12 отв. ø16 | R27: 1000 | S27: 800 | T27: 860 | U27: 450 | V27: =IFERROR(__xludf.DUMMYFUNCTION("IFERROR(REGEXEXTRACT(A27,""G2-B-(\d+)""),"""")"),"80") -> 80 | W27: =IF(OR(X27="", Y27=""), "", X27+Y27) -> 2 | X27: =IFERROR(__xludf.DUMMYFUNCTION("IFERROR(VALUE(REGEXEXTRACT(A27,""\b(\d+)/\d+\b"")),"""")"),1.0) -> 1 | Y27: =IFERROR(__xludf.DUMMYFUNCTION("IFERROR(VALUE(REGEXEXTRACT(A27,""\b\d+/(\d+)\b"")),"""") "),1.0) -> 1 | Z27: {=IFERROR(INDEX(CRV!BU:BU, MATCH(B27, CRV!A:A, 0)), "")} -> 11 | AA27: {=IFERROR(INDEX(CRV!BV:BV, MATCH(B27, CRV!A:A, 0))*X27+4.5*2+7, "")} -> 36.6 | AB27: {=IFERROR(IF(VALUE(XLOOKUP($B27,CRV!$A:$A,CRV!$BU:$BU))<=5.5,"прямой пуск (DOL)","звезда-треугольник (SD)"),"")} -> звезда-треугольник (SD) | AC27: {=IFERROR(INDEX(CRV!CA:CA, MATCH(B27, CRV!A:A, 0)), "")} -> HQQE | AD27: {=IFERROR(AD26-W27*XLOOKUP($B26,CRV!$A:$A,CRV!$BY:$BY)+W27*XLOOKUP($B27,CRV!$A:$A,CRV!$BY:$BY),"ошибка")} -> 479 | AE27: При заказе
A28: Hydro-FS-A 1/1 CRV 15-17 G2-B-80-25 | B28: =IFERROR(__xludf.DUMMYFUNCTION("IFERROR(IF(REGEXMATCH(REGEXEXTRACT(A28,""\bCRV\s*\d+(?:-\d+)+(?:-(?:A?BI|AI|BI))?\b""),""-(?:A?BI|AI|BI)$""),REGEXREPLACE(REGEXEXTRACT(A28,""\bCRV\s*\d+(?:-\d+)+(?:-(?:A?BI|AI|BI))?\b""),""-(A?BI|AI|BI)$"",""C$1""),REGEXEXTRACT(A28,""\bCRV\s*\d+(?:-\d+)+("&"?:-(?:A?BI|AI|BI))?\b"")&""C""),"""")"),"CRV 15-17C") -> CRV 15-17C | C28: 1650 | D28: {=IFERROR(XLOOKUP($B28,CRV!$A:$A,CRV!$BA:$BA)+XLOOKUP($B28,CRV!$A:$A,CRV!$BB:$BB)+$O28,"")} -> 1773 | E28: 190 | F28: 585 | G28: 540 | H28: 1589 | I28: 1125 | J28: 1760 | K28: 427 | N28: 385 | O28: 100 | Q28: 12 отв. ø16 | R28: 1000 | S28: 800 | T28: 860 | U28: 450 | V28: =IFERROR(__xludf.DUMMYFUNCTION("IFERROR(REGEXEXTRACT(A28,""G2-B-(\d+)""),"""")"),"80") -> 80 | W28: =IF(OR(X28="", Y28=""), "", X28+Y28) -> 2 | X28: =IFERROR(__xludf.DUMMYFUNCTION("IFERROR(VALUE(REGEXEXTRACT(A28,""\b(\d+)/\d+\b"")),"""")"),1.0) -> 1 | Y28: =IFERROR(__xludf.DUMMYFUNCTION("IFERROR(VALUE(REGEXEXTRACT(A28,""\b\d+/(\d+)\b"")),"""") "),1.0) -> 1 | Z28: {=IFERROR(INDEX(CRV!BU:BU, MATCH(B28, CRV!A:A, 0)), "")} -> 15 | AA28: {=IFERROR(INDEX(CRV!BV:BV, MATCH(B28, CRV!A:A, 0))*X28+4.5*2+7, "")} -> 43.9 | AB28: {=IFERROR(IF(VALUE(XLOOKUP($B28,CRV!$A:$A,CRV!$BU:$BU))<=5.5,"прямой пуск (DOL)","звезда-треугольник (SD)"),"")} -> звезда-треугольник (SD) | AC28: {=IFERROR(INDEX(CRV!CA:CA, MATCH(B28, CRV!A:A, 0)), "")} -> HQQE | AD28: {=IFERROR(AD27-W28*XLOOKUP($B27,CRV!$A:$A,CRV!$BY:$BY)+W28*XLOOKUP($B28,CRV!$A:$A,CRV!$BY:$BY),"ошибка")} -> 499 | AE28: При заказе
B29: =IFERROR(__xludf.DUMMYFUNCTION("IFERROR(IF(REGEXMATCH(REGEXEXTRACT(A29,""\bCRV\s*\d+(?:-\d+)+(?:-(?:A?BI|AI|BI))?\b""),""-(?:A?BI|AI|BI)$""),REGEXREPLACE(REGEXEXTRACT(A29,""\bCRV\s*\d+(?:-\d+)+(?:-(?:A?BI|AI|BI))?\b""),""-(A?BI|AI|BI)$"",""C$1""),REGEXEXTRACT(A29,""\bCRV\s*\d+(?:-\d+)+("&"?:-(?:A?BI|AI|BI))?\b"")&""C""),"""")"),"") | D29: {=IFERROR(XLOOKUP($B29,CRV!$A:$A,CRV!$BA:$BA)+XLOOKUP($B29,CRV!$A:$A,CRV!$BB:$BB)+$O29,"")} | V29: =IFERROR(__xludf.DUMMYFUNCTION("IFERROR(REGEXEXTRACT(A29,""G2-B-(\d+)""),"""")"),"") | W29: =IF(OR(X29="", Y29=""), "", X29+Y29) | X29: =IFERROR(__xludf.DUMMYFUNCTION("IFERROR(VALUE(REGEXEXTRACT(A29,""\b(\d+)/\d+\b"")),"""")"),"") | Y29: =IFERROR(__xludf.DUMMYFUNCTION("IFERROR(VALUE(REGEXEXTRACT(A29,""\b\d+/(\d+)\b"")),"""") "),"") | Z29: {=IFERROR(INDEX(CRV!BU:BU, MATCH(B29, CRV!A:A, 0)), "")} | AA29: {=IFERROR(INDEX(CRV!BV:BV, MATCH(B29, CRV!A:A, 0))*X29+4.5*2+7, "")} | AB29: {=IFERROR(IF(VALUE(XLOOKUP($B29,CRV!$A:$A,CRV!$BU:$BU))<=5.5,"прямой пуск (DOL)","звезда-треугольник (SD)"),"")} | AC29: {=IFERROR(INDEX(CRV!CA:CA, MATCH(B29, CRV!A:A, 0)), "")}
A30: Hydro-FS-A 1/1 CRV 20-1 G2-B-80-16 | B30: =IFERROR(__xludf.DUMMYFUNCTION("IFERROR(IF(REGEXMATCH(REGEXEXTRACT(A30,""\bCRV\s*\d+(?:-\d+)+(?:-(?:A?BI|AI|BI))?\b""),""-(?:A?BI|AI|BI)$""),REGEXREPLACE(REGEXEXTRACT(A30,""\bCRV\s*\d+(?:-\d+)+(?:-(?:A?BI|AI|BI))?\b""),""-(A?BI|AI|BI)$"",""C$1""),REGEXEXTRACT(A30,""\bCRV\s*\d+(?:-\d+)+("&"?:-(?:A?BI|AI|BI))?\b"")&""C""),"""")"),"CRV 20-1C") -> CRV 20-1C | C30: 1650 | D30: {=IFERROR(XLOOKUP($B30,CRV!$A:$A,CRV!$BA:$BA)+XLOOKUP($B30,CRV!$A:$A,CRV!$BB:$BB)+$O30,"")} -> 672 | E30: 190 | F30: 585 | G30: 540 | H30: 1589 | I30: 1125 | J30: 1760 | K30: 427 | N30: 385 | O30: 100 | Q30: 12 отв. ø16 | R30: 1000 | S30: 800 | T30: 860 | U30: 450 | V30: =IFERROR(__xludf.DUMMYFUNCTION("IFERROR(REGEXEXTRACT(A30,""G2-B-(\d+)""),"""")"),"80") -> 80 | W30: =IF(OR(X30="", Y30=""), "", X30+Y30) -> 2 | X30: =IFERROR(__xludf.DUMMYFUNCTION("IFERROR(VALUE(REGEXEXTRACT(A30,""\b(\d+)/\d+\b"")),"""")"),1.0) -> 1 | Y30: =IFERROR(__xludf.DUMMYFUNCTION("IFERROR(VALUE(REGEXEXTRACT(A30,""\b\d+/(\d+)\b"")),"""") "),1.0) -> 1 | Z30: {=IFERROR(INDEX(CRV!BU:BU, MATCH(B30, CRV!A:A, 0)), "")} -> 1.1 | AA30: {=IFERROR(INDEX(CRV!BV:BV, MATCH(B30, CRV!A:A, 0))*X30+4.5*2+7, "")} -> 20.2 | AB30: {=IFERROR(IF(VALUE(XLOOKUP($B30,CRV!$A:$A,CRV!$BU:$BU))<=5.5,"прямой пуск (DOL)","звезда-треугольник (SD)"),"")} -> прямой пуск (DOL) | AC30: {=IFERROR(INDEX(CRV!CA:CA, MATCH(B30, CRV!A:A, 0)), "")} -> HQQE | AD30: 249 | AE30: 75211373
A31: Hydro-FS-A 1/1 CRV 20-2 G2-B-80-16 | B31: =IFERROR(__xludf.DUMMYFUNCTION("IFERROR(IF(REGEXMATCH(REGEXEXTRACT(A31,""\bCRV\s*\d+(?:-\d+)+(?:-(?:A?BI|AI|BI))?\b""),""-(?:A?BI|AI|BI)$""),REGEXREPLACE(REGEXEXTRACT(A31,""\bCRV\s*\d+(?:-\d+)+(?:-(?:A?BI|AI|BI))?\b""),""-(A?BI|AI|BI)$"",""C$1""),REGEXEXTRACT(A31,""\bCRV\s*\d+(?:-\d+)+("&"?:-(?:A?BI|AI|BI))?\b"")&""C""),"""")"),"CRV 20-2C") -> CRV 20-2C | C31: 1650 | D31: {=IFERROR(XLOOKUP($B31,CRV!$A:$A,CRV!$BA:$BA)+XLOOKUP($B31,CRV!$A:$A,CRV!$BB:$BB)+$O31,"")} -> 769 | E31: 190 | F31: 585 | G31: 540 | H31: 1589 | I31: 1125 | J31: 1760 | K31: 427 | N31: 385 | O31: 100 | Q31: 12 отв. ø16 | R31: 1000 | S31: 800 | T31: 860 | U31: 450 | V31: =IFERROR(__xludf.DUMMYFUNCTION("IFERROR(REGEXEXTRACT(A31,""G2-B-(\d+)""),"""")"),"80") -> 80 | W31: =IF(OR(X31="", Y31=""), "", X31+Y31) -> 2 | X31: =IFERROR(__xludf.DUMMYFUNCTION("IFERROR(VALUE(REGEXEXTRACT(A31,""\b(\d+)/\d+\b"")),"""")"),1.0) -> 1 | Y31: =IFERROR(__xludf.DUMMYFUNCTION("IFERROR(VALUE(REGEXEXTRACT(A31,""\b\d+/(\d+)\b"")),"""") "),1.0) -> 1 | Z31: {=IFERROR(INDEX(CRV!BU:BU, MATCH(B31, CRV!A:A, 0)), "")} -> 2.2 | AA31: {=IFERROR(INDEX(CRV!BV:BV, MATCH(B31, CRV!A:A, 0))*X31+4.5*2+7, "")} -> 23.9 | AB31: {=IFERROR(IF(VALUE(XLOOKUP($B31,CRV!$A:$A,CRV!$BU:$BU))<=5.5,"прямой пуск (DOL)","звезда-треугольник (SD)"),"")} -> прямой пуск (DOL) | AC31: {=IFERROR(INDEX(CRV!CA:CA, MATCH(B31, CRV!A:A, 0)), "")} -> HQQE | AD31: 271 | AE31: 75211401
A32: Hydro-FS-A 1/1 CRV 20-3 G2-B-80-16 | B32: =IFERROR(__xludf.DUMMYFUNCTION("IFERROR(IF(REGEXMATCH(REGEXEXTRACT(A32,""\bCRV\s*\d+(?:-\d+)+(?:-(?:A?BI|AI|BI))?\b""),""-(?:A?BI|AI|BI)$""),REGEXREPLACE(REGEXEXTRACT(A32,""\bCRV\s*\d+(?:-\d+)+(?:-(?:A?BI|AI|BI))?\b""),""-(A?BI|AI|BI)$"",""C$1""),REGEXEXTRACT(A32,""\bCRV\s*\d+(?:-\d+)+("&"?:-(?:A?BI|AI|BI))?\b"")&""C""),"""")"),"CRV 20-3C") -> CRV 20-3C | C32: 1650 | D32: {=IFERROR(XLOOKUP($B32,CRV!$A:$A,CRV!$BA:$BA)+XLOOKUP($B32,CRV!$A:$A,CRV!$BB:$BB)+$O32,"")} -> 867 | E32: 190 | F32: 585 | G32: 540 | H32: 1589 | I32: 1125 | J32: 1760 | K32: 427 | N32: 385 | O32: 100 | Q32: 12 отв. ø16 | R32: 1000 | S32: 800 | T32: 860 | U32: 450 | V32: =IFERROR(__xludf.DUMMYFUNCTION("IFERROR(REGEXEXTRACT(A32,""G2-B-(\d+)""),"""")"),"80") -> 80 | W32: =IF(OR(X32="", Y32=""), "", X32+Y32) -> 2 | X32: =IFERROR(__xludf.DUMMYFUNCTION("IFERROR(VALUE(REGEXEXTRACT(A32,""\b(\d+)/\d+\b"")),"""")"),1.0) -> 1 | Y32: =IFERROR(__xludf.DUMMYFUNCTION("IFERROR(VALUE(REGEXEXTRACT(A32,""\b\d+/(\d+)\b"")),"""") "),1.0) -> 1 | Z32: {=IFERROR(INDEX(CRV!BU:BU, MATCH(B32, CRV!A:A, 0)), "")} -> 4 | AA32: {=IFERROR(INDEX(CRV!BV:BV, MATCH(B32, CRV!A:A, 0))*X32+4.5*2+7, "")} -> 23.8 | AB32: {=IFERROR(IF(VALUE(XLOOKUP($B32,CRV!$A:$A,CRV!$BU:$BU))<=5.5,"прямой пуск (DOL)","звезда-треугольник (SD)"),"")} -> прямой пуск (DOL) | AC32: {=IFERROR(INDEX(CRV!CA:CA, MATCH(B32, CRV!A:A, 0)), "")} -> HQQE | AD32: 299 | AE32: 75211374
A33: Hydro-FS-A 1/1 CRV 20-4 G2-B-80-16 | B33: =IFERROR(__xludf.DUMMYFUNCTION("IFERROR(IF(REGEXMATCH(REGEXEXTRACT(A33,""\bCRV\s*\d+(?:-\d+)+(?:-(?:A?BI|AI|BI))?\b""),""-(?:A?BI|AI|BI)$""),REGEXREPLACE(REGEXEXTRACT(A33,""\bCRV\s*\d+(?:-\d+)+(?:-(?:A?BI|AI|BI))?\b""),""-(A?BI|AI|BI)$"",""C$1""),REGEXEXTRACT(A33,""\bCRV\s*\d+(?:-\d+)+("&"?:-(?:A?BI|AI|BI))?\b"")&""C""),"""")"),"CRV 20-4C") -> CRV 20-4C | C33: 1650 | D33: {=IFERROR(XLOOKUP($B33,CRV!$A:$A,CRV!$BA:$BA)+XLOOKUP($B33,CRV!$A:$A,CRV!$BB:$BB)+$O33,"")} -> 993 | E33: 190 | F33: 585 | G33: 540 | H33: 1589 | I33: 1125 | J33: 1760 | K33: 427 | N33: 385 | O33: 100 | Q33: 12 отв. ø16 | R33: 1000 | S33: 800 | T33: 860 | U33: 450 | V33: =IFERROR(__xludf.DUMMYFUNCTION("IFERROR(REGEXEXTRACT(A33,""G2-B-(\d+)""),"""")"),"80") -> 80 | W33: =IF(OR(X33="", Y33=""), "", X33+Y33) -> 2 | X33: =IFERROR(__xludf.DUMMYFUNCTION("IFERROR(VALUE(REGEXEXTRACT(A33,""\b(\d+)/\d+\b"")),"""")"),1.0) -> 1 | Y33: =IFERROR(__xludf.DUMMYFUNCTION("IFERROR(VALUE(REGEXEXTRACT(A33,""\b\d+/(\d+)\b"")),"""") "),1.0) -> 1 | Z33: {=IFERROR(INDEX(CRV!BU:BU, MATCH(B33, CRV!A:A, 0)), "")} -> 5.5 | AA33: {=IFERROR(INDEX(CRV!BV:BV, MATCH(B33, CRV!A:A, 0))*X33+4.5*2+7, "")} -> 26.6 | AB33: {=IFERROR(IF(VALUE(XLOOKUP($B33,CRV!$A:$A,CRV!$BU:$BU))<=5.5,"прямой пуск (DOL)","звезда-треугольник (SD)"),"")} -> прямой пуск (DOL) | AC33: {=IFERROR(INDEX(CRV!CA:CA, MATCH(B33, CRV!A:A, 0)), "")} -> HQQE | AD33: 329 | AE33: 75211367
A34: Hydro-FS-A 1/1 CRV 20-5 G2-B-80-16 | B34: =IFERROR(__xludf.DUMMYFUNCTION("IFERROR(IF(REGEXMATCH(REGEXEXTRACT(A34,""\bCRV\s*\d+(?:-\d+)+(?:-(?:A?BI|AI|BI))?\b""),""-(?:A?BI|AI|BI)$""),REGEXREPLACE(REGEXEXTRACT(A34,""\bCRV\s*\d+(?:-\d+)+(?:-(?:A?BI|AI|BI))?\b""),""-(A?BI|AI|BI)$"",""C$1""),REGEXEXTRACT(A34,""\bCRV\s*\d+(?:-\d+)+("&"?:-(?:A?BI|AI|BI))?\b"")&""C""),"""")"),"CRV 20-5C") -> CRV 20-5C | C34: 1650 | D34: {=IFERROR(XLOOKUP($B34,CRV!$A:$A,CRV!$BA:$BA)+XLOOKUP($B34,CRV!$A:$A,CRV!$BB:$BB)+$O34,"")} -> 1038 | E34: 190 | F34: 585 | G34: 540 | H34: 1589 | I34: 1125 | J34: 1760 | K34: 427 | N34: 385 | O34: 100 | Q34: 12 отв. ø16 | R34: 1000 | S34: 800 | T34: 860 | U34: 450 | V34: =IFERROR(__xludf.DUMMYFUNCTION("IFERROR(REGEXEXTRACT(A34,""G2-B-(\d+)""),"""")"),"80") -> 80 | W34: =IF(OR(X34="", Y34=""), "", X34+Y34) -> 2 | X34: =IFERROR(__xludf.DUMMYFUNCTION("IFERROR(VALUE(REGEXEXTRACT(A34,""\b(\d+)/\d+\b"")),"""")"),1.0) -> 1 | Y34: =IFERROR(__xludf.DUMMYFUNCTION("IFERROR(VALUE(REGEXEXTRACT(A34,""\b\d+/(\d+)\b"")),"""") "),1.0) -> 1 | Z34: {=IFERROR(INDEX(CRV!BU:BU, MATCH(B34, CRV!A:A, 0)), "")} -> 5.5 | AA34: {=IFERROR(INDEX(CRV!BV:BV, MATCH(B34, CRV!A:A, 0))*X34+4.5*2+7, "")} -> 26.6 | AB34: {=IFERROR(IF(VALUE(XLOOKUP($B34,CRV!$A:$A,CRV!$BU:$BU))<=5.5,"прямой пуск (DOL)","звезда-треугольник (SD)"),"")} -> прямой пуск (DOL) | AC34: {=IFERROR(INDEX(CRV!CA:CA, MATCH(B34, CRV!A:A, 0)), "")} -> HQQE | AD34: 333 | AE34: 75211107
A35: Hydro-FS-A 1/1 CRV 20-6 G2-B-80-16 | B35: =IFERROR(__xludf.DUMMYFUNCTION("IFERROR(IF(REGEXMATCH(REGEXEXTRACT(A35,""\bCRV\s*\d+(?:-\d+)+(?:-(?:A?BI|AI|BI))?\b""),""-(?:A?BI|AI|BI)$""),REGEXREPLACE(REGEXEXTRACT(A35,""\bCRV\s*\d+(?:-\d+)+(?:-(?:A?BI|AI|BI))?\b""),""-(A?BI|AI|BI)$"",""C$1""),REGEXEXTRACT(A35,""\bCRV\s*\d+(?:-\d+)+("&"?:-(?:A?BI|AI|BI))?\b"")&""C""),"""")"),"CRV 20-6C") -> CRV 20-6C | C35: 1650 | D35: {=IFERROR(XLOOKUP($B35,CRV!$A:$A,CRV!$BA:$BA)+XLOOKUP($B35,CRV!$A:$A,CRV!$BB:$BB)+$O35,"")} -> 1121 | E35: 190 | F35: 585 | G35: 540 | H35: 1589 | I35: 1125 | J35: 1760 | K35: 427 | N35: 385 | O35: 100 | Q35: 12 отв. ø16 | R35: 1000 | S35: 800 | T35: 860 | U35: 450 | V35: =IFERROR(__xludf.DUMMYFUNCTION("IFERROR(REGEXEXTRACT(A35,""G2-B-(\d+)""),"""")"),"80") -> 80 | W35: =IF(OR(X35="", Y35=""), "", X35+Y35) -> 2 | X35: =IFERROR(__xludf.DUMMYFUNCTION("IFERROR(VALUE(REGEXEXTRACT(A35,""\b(\d+)/\d+\b"")),"""")"),1.0) -> 1 | Y35: =IFERROR(__xludf.DUMMYFUNCTION("IFERROR(VALUE(REGEXEXTRACT(A35,""\b\d+/(\d+)\b"")),"""") "),1.0) -> 1 | Z35: {=IFERROR(INDEX(CRV!BU:BU, MATCH(B35, CRV!A:A, 0)), "")} -> 7.5 | AA35: {=IFERROR(INDEX(CRV!BV:BV, MATCH(B35, CRV!A:A, 0))*X35+4.5*2+7, "")} -> 30.4 | AB35: {=IFERROR(IF(VALUE(XLOOKUP($B35,CRV!$A:$A,CRV!$BU:$BU))<=5.5,"прямой пуск (DOL)","звезда-треугольник (SD)"),"")} -> звезда-треугольник (SD) | AC35: {=IFERROR(INDEX(CRV!CA:CA, MATCH(B35, CRV!A:A, 0)), "")} -> HQQE | AD35: 349 | AE35: 75211402
A36: Hydro-FS-A 1/1 CRV 20-7 G2-B-80-16 | B36: =IFERROR(__xludf.DUMMYFUNCTION("IFERROR(IF(REGEXMATCH(REGEXEXTRACT(A36,""\bCRV\s*\d+(?:-\d+)+(?:-(?:A?BI|AI|BI))?\b""),""-(?:A?BI|AI|BI)$""),REGEXREPLACE(REGEXEXTRACT(A36,""\bCRV\s*\d+(?:-\d+)+(?:-(?:A?BI|AI|BI))?\b""),""-(A?BI|AI|BI)$"",""C$1""),REGEXEXTRACT(A36,""\bCRV\s*\d+(?:-\d+)+("&"?:-(?:A?BI|AI|BI))?\b"")&""C""),"""")"),"CRV 20-7C") -> CRV 20-7C | C36: 1650 | D36: {=IFERROR(XLOOKUP($B36,CRV!$A:$A,CRV!$BA:$BA)+XLOOKUP($B36,CRV!$A:$A,CRV!$BB:$BB)+$O36,"")} -> 1166 | E36: 190 | F36: 585 | G36: 540 | H36: 1589 | I36: 1125 | J36: 1760 | K36: 427 | N36: 385 | O36: 100 | Q36: 12 отв. ø16 | R36: 1000 | S36: 800 | T36: 860 | U36: 450 | V36: =IFERROR(__xludf.DUMMYFUNCTION("IFERROR(REGEXEXTRACT(A36,""G2-B-(\d+)""),"""")"),"80") -> 80 | W36: =IF(OR(X36="", Y36=""), "", X36+Y36) -> 2 | X36: =IFERROR(__xludf.DUMMYFUNCTION("IFERROR(VALUE(REGEXEXTRACT(A36,""\b(\d+)/\d+\b"")),"""")"),1.0) -> 1 | Y36: =IFERROR(__xludf.DUMMYFUNCTION("IFERROR(VALUE(REGEXEXTRACT(A36,""\b\d+/(\d+)\b"")),"""") "),1.0) -> 1 | Z36: {=IFERROR(INDEX(CRV!BU:BU, MATCH(B36, CRV!A:A, 0)), "")} -> 7.5 | AA36: {=IFERROR(INDEX(CRV!BV:BV, MATCH(B36, CRV!A:A, 0))*X36+4.5*2+7, "")} -> 30.4 | AB36: {=IFERROR(IF(VALUE(XLOOKUP($B36,CRV!$A:$A,CRV!$BU:$BU))<=5.5,"прямой пуск (DOL)","звезда-треугольник (SD)"),"")} -> звезда-треугольник (SD) | AC36: {=IFERROR(INDEX(CRV!CA:CA, MATCH(B36, CRV!A:A, 0)), "")} -> HQQE | AD36: 353 | AE36: 75211377
A37: Hydro-FS-A 1/1 CRV 20-8 G2-B-80-16 | B37: =IFERROR(__xludf.DUMMYFUNCTION("IFERROR(IF(REGEXMATCH(REGEXEXTRACT(A37,""\bCRV\s*\d+(?:-\d+)+(?:-(?:A?BI|AI|BI))?\b""),""-(?:A?BI|AI|BI)$""),REGEXREPLACE(REGEXEXTRACT(A37,""\bCRV\s*\d+(?:-\d+)+(?:-(?:A?BI|AI|BI))?\b""),""-(A?BI|AI|BI)$"",""C$1""),REGEXEXTRACT(A37,""\bCRV\s*\d+(?:-\d+)+("&"?:-(?:A?BI|AI|BI))?\b"")&""C""),"""")"),"CRV 20-8C") -> CRV 20-8C | C37: 1650 | D37: {=IFERROR(XLOOKUP($B37,CRV!$A:$A,CRV!$BA:$BA)+XLOOKUP($B37,CRV!$A:$A,CRV!$BB:$BB)+$O37,"")} -> 1327 | E37: 190 | F37: 585 | G37: 540 | H37: 1589 | I37: 1125 | J37: 1760 | K37: 427 | N37: 385 | O37: 100 | Q37: 12 отв. ø16 | R37: 1000 | S37: 800 | T37: 860 | U37: 450 | V37: =IFERROR(__xludf.DUMMYFUNCTION("IFERROR(REGEXEXTRACT(A37,""G2-B-(\d+)""),"""")"),"80") -> 80 | W37: =IF(OR(X37="", Y37=""), "", X37+Y37) -> 2 | X37: =IFERROR(__xludf.DUMMYFUNCTION("IFERROR(VALUE(REGEXEXTRACT(A37,""\b(\d+)/\d+\b"")),"""")"),1.0) -> 1 | Y37: =IFERROR(__xludf.DUMMYFUNCTION("IFERROR(VALUE(REGEXEXTRACT(A37,""\b\d+/(\d+)\b"")),"""") "),1.0) -> 1 | Z37: {=IFERROR(INDEX(CRV!BU:BU, MATCH(B37, CRV!A:A, 0)), "")} -> 11 | AA37: {=IFERROR(INDEX(CRV!BV:BV, MATCH(B37, CRV!A:A, 0))*X37+4.5*2+7, "")} -> 36.6 | AB37: {=IFERROR(IF(VALUE(XLOOKUP($B37,CRV!$A:$A,CRV!$BU:$BU))<=5.5,"прямой пуск (DOL)","звезда-треугольник (SD)"),"")} -> звезда-треугольник (SD) | AC37: {=IFERROR(INDEX(CRV!CA:CA, MATCH(B37, CRV!A:A, 0)), "")} -> HQQE | AD37: 465 | AE37: 75211403
A38: Hydro-FS-A 1/1 CRV 20-10 G2-B-80-16 | B38: =IFERROR(__xludf.DUMMYFUNCTION("IFERROR(IF(REGEXMATCH(REGEXEXTRACT(A38,""\bCRV\s*\d+(?:-\d+)+(?:-(?:A?BI|AI|BI))?\b""),""-(?:A?BI|AI|BI)$""),REGEXREPLACE(REGEXEXTRACT(A38,""\bCRV\s*\d+(?:-\d+)+(?:-(?:A?BI|AI|BI))?\b""),""-(A?BI|AI|BI)$"",""C$1""),REGEXEXTRACT(A38,""\bCRV\s*\d+(?:-\d+)+("&"?:-(?:A?BI|AI|BI))?\b"")&""C""),"""")"),"CRV 20-10C") -> CRV 20-10C | C38: 1650 | D38: {=IFERROR(XLOOKUP($B38,CRV!$A:$A,CRV!$BA:$BA)+XLOOKUP($B38,CRV!$A:$A,CRV!$BB:$BB)+$O38,"")} -> 1417 | E38: 190 | F38: 585 | G38: 540 | H38: 1589 | I38: 1125 | J38: 1760 | K38: 427 | N38: 385 | O38: 100 | Q38: 12 отв. ø16 | R38: 1000 | S38: 800 | T38: 860 | U38: 450 | V38: =IFERROR(__xludf.DUMMYFUNCTION("IFERROR(REGEXEXTRACT(A38,""G2-B-(\d+)""),"""")"),"80") -> 80 | W38: =IF(OR(X38="", Y38=""), "", X38+Y38) -> 2 | X38: =IFERROR(__xludf.DUMMYFUNCTION("IFERROR(VALUE(REGEXEXTRACT(A38,""\b(\d+)/\d+\b"")),"""")"),1.0) -> 1 | Y38: =IFERROR(__xludf.DUMMYFUNCTION("IFERROR(VALUE(REGEXEXTRACT(A38,""\b\d+/(\d+)\b"")),"""") "),1.0) -> 1 | Z38: {=IFERROR(INDEX(CRV!BU:BU, MATCH(B38, CRV!A:A, 0)), "")} -> 11 | AA38: {=IFERROR(INDEX(CRV!BV:BV, MATCH(B38, CRV!A:A, 0))*X38+4.5*2+7, "")} -> 36.6 | AB38: {=IFERROR(IF(VALUE(XLOOKUP($B38,CRV!$A:$A,CRV!$BU:$BU))<=5.5,"прямой пуск (DOL)","звезда-треугольник (SD)"),"")} -> звезда-треугольник (SD) | AC38: {=IFERROR(INDEX(CRV!CA:CA, MATCH(B38, CRV!A:A, 0)), "")} -> HQQE | AD38: 475 | AE38: 75211404
A39: Hydro-FS-A 1/1 CRV 20-12 G2-B-80-25 | B39: =IFERROR(__xludf.DUMMYFUNCTION("IFERROR(IF(REGEXMATCH(REGEXEXTRACT(A39,""\bCRV\s*\d+(?:-\d+)+(?:-(?:A?BI|AI|BI))?\b""),""-(?:A?BI|AI|BI)$""),REGEXREPLACE(REGEXEXTRACT(A39,""\bCRV\s*\d+(?:-\d+)+(?:-(?:A?BI|AI|BI))?\b""),""-(A?BI|AI|BI)$"",""C$1""),REGEXEXTRACT(A39,""\bCRV\s*\d+(?:-\d+)+("&"?:-(?:A?BI|AI|BI))?\b"")&""C""),"""")"),"CRV 20-12C") -> CRV 20-12C | C39: 1650 | D39: {=IFERROR(XLOOKUP($B39,CRV!$A:$A,CRV!$BA:$BA)+XLOOKUP($B39,CRV!$A:$A,CRV!$BB:$BB)+$O39,"")} -> 1548 | E39: 190 | F39: 585 | G39: 540 | H39: 1589 | I39: 1125 | J39: 1760 | K39: 427 | N39: 385 | O39: 100 | Q39: 12 отв. ø16 | R39: 1000 | S39: 800 | T39: 860 | U39: 450 | V39: =IFERROR(__xludf.DUMMYFUNCTION("IFERROR(REGEXEXTRACT(A39,""G2-B-(\d+)""),"""")"),"80") -> 80 | W39: =IF(OR(X39="", Y39=""), "", X39+Y39) -> 2 | X39: =IFERROR(__xludf.DUMMYFUNCTION("IFERROR(VALUE(REGEXEXTRACT(A39,""\b(\d+)/\d+\b"")),"""")"),1.0) -> 1 | Y39: =IFERROR(__xludf.DUMMYFUNCTION("IFERROR(VALUE(REGEXEXTRACT(A39,""\b\d+/(\d+)\b"")),"""") "),1.0) -> 1 | Z39: {=IFERROR(INDEX(CRV!BU:BU, MATCH(B39, CRV!A:A, 0)), "")} -> 15 | AA39: {=IFERROR(INDEX(CRV!BV:BV, MATCH(B39, CRV!A:A, 0))*X39+4.5*2+7, "")} -> 43.9 | AB39: {=IFERROR(IF(VALUE(XLOOKUP($B39,CRV!$A:$A,CRV!$BU:$BU))<=5.5,"прямой пуск (DOL)","звезда-треугольник (SD)"),"")} -> звезда-треугольник (SD) | AC39: {=IFERROR(INDEX(CRV!CA:CA, MATCH(B39, CRV!A:A, 0)), "")} -> HQQE | AD39: {=IFERROR(AD38-W39*XLOOKUP($B38,CRV!$A:$A,CRV!$BY:$BY)+W39*XLOOKUP($B39,CRV!$A:$A,CRV!$BY:$BY),"ошибка")} -> 505 | AE39: При заказе
A40: Hydro-FS-A 1/1 CRV 20-14 G2-B-80-25 | B40: =IFERROR(__xludf.DUMMYFUNCTION("IFERROR(IF(REGEXMATCH(REGEXEXTRACT(A40,""\bCRV\s*\d+(?:-\d+)+(?:-(?:A?BI|AI|BI))?\b""),""-(?:A?BI|AI|BI)$""),REGEXREPLACE(REGEXEXTRACT(A40,""\bCRV\s*\d+(?:-\d+)+(?:-(?:A?BI|AI|BI))?\b""),""-(A?BI|AI|BI)$"",""C$1""),REGEXEXTRACT(A40,""\bCRV\s*\d+(?:-\d+)+("&"?:-(?:A?BI|AI|BI))?\b"")&""C""),"""")"),"CRV 20-14C") -> CRV 20-14C | C40: 1650 | D40: {=IFERROR(XLOOKUP($B40,CRV!$A:$A,CRV!$BA:$BA)+XLOOKUP($B40,CRV!$A:$A,CRV!$BB:$BB)+$O40,"")} -> 1638 | E40: 190 | F40: 585 | G40: 540 | H40: 1589 | I40: 1125 | J40: 1760 | K40: 427 | N40: 385 | O40: 100 | Q40: 12 отв. ø16 | R40: 1000 | S40: 800 | T40: 860 | U40: 450 | V40: =IFERROR(__xludf.DUMMYFUNCTION("IFERROR(REGEXEXTRACT(A40,""G2-B-(\d+)""),"""")"),"80") -> 80 | W40: =IF(OR(X40="", Y40=""), "", X40+Y40) -> 2 | X40: =IFERROR(__xludf.DUMMYFUNCTION("IFERROR(VALUE(REGEXEXTRACT(A40,""\b(\d+)/\d+\b"")),"""")"),1.0) -> 1 | Y40: =IFERROR(__xludf.DUMMYFUNCTION("IFERROR(VALUE(REGEXEXTRACT(A40,""\b\d+/(\d+)\b"")),"""") "),1.0) -> 1 | Z40: {=IFERROR(INDEX(CRV!BU:BU, MATCH(B40, CRV!A:A, 0)), "")} -> 15 | AA40: {=IFERROR(INDEX(CRV!BV:BV, MATCH(B40, CRV!A:A, 0))*X40+4.5*2+7, "")} -> 43.9 | AB40: {=IFERROR(IF(VALUE(XLOOKUP($B40,CRV!$A:$A,CRV!$BU:$BU))<=5.5,"прямой пуск (DOL)","звезда-треугольник (SD)"),"")} -> звезда-треугольник (SD) | AC40: {=IFERROR(INDEX(CRV!CA:CA, MATCH(B40, CRV!A:A, 0)), "")} -> HQQE | AD40: {=IFERROR(AD39-W40*XLOOKUP($B39,CRV!$A:$A,CRV!$BY:$BY)+W40*XLOOKUP($B40,CRV!$A:$A,CRV!$BY:$BY),"ошибка")} -> 515 | AE40: При заказе
A41: Hydro-FS-A 1/1 CRV 20-17 G2-B-80-25 | B41: =IFERROR(__xludf.DUMMYFUNCTION("IFERROR(IF(REGEXMATCH(REGEXEXTRACT(A41,""\bCRV\s*\d+(?:-\d+)+(?:-(?:A?BI|AI|BI))?\b""),""-(?:A?BI|AI|BI)$""),REGEXREPLACE(REGEXEXTRACT(A41,""\bCRV\s*\d+(?:-\d+)+(?:-(?:A?BI|AI|BI))?\b""),""-(A?BI|AI|BI)$"",""C$1""),REGEXEXTRACT(A41,""\bCRV\s*\d+(?:-\d+)+("&"?:-(?:A?BI|AI|BI))?\b"")&""C""),"""")"),"CRV 20-17C") -> CRV 20-17C | C41: 1650 | D41: {=IFERROR(XLOOKUP($B41,CRV!$A:$A,CRV!$BA:$BA)+XLOOKUP($B41,CRV!$A:$A,CRV!$BB:$BB)+$O41,"")} -> 1826 | E41: 190 | F41: 585 | G41: 540 | H41: 1589 | I41: 1125 | J41: 1760 | K41: 427 | N41: 385 | O41: 100 | Q41: 12 отв. ø16 | R41: 1000 | S41: 800 | T41: 860 | U41: 450 | V41: =IFERROR(__xludf.DUMMYFUNCTION("IFERROR(REGEXEXTRACT(A41,""G2-B-(\d+)""),"""")"),"80") -> 80 | W41: =IF(OR(X41="", Y41=""), "", X41+Y41) -> 2 | X41: =IFERROR(__xludf.DUMMYFUNCTION("IFERROR(VALUE(REGEXEXTRACT(A41,""\b(\d+)/\d+\b"")),"""")"),1.0) -> 1 | Y41: =IFERROR(__xludf.DUMMYFUNCTION("IFERROR(VALUE(REGEXEXTRACT(A41,""\b\d+/(\d+)\b"")),"""") "),1.0) -> 1 | Z41: {=IFERROR(INDEX(CRV!BU:BU, MATCH(B41, CRV!A:A, 0)), "")} -> 18.5 | AA41: {=IFERROR(INDEX(CRV!BV:BV, MATCH(B41, CRV!A:A, 0))*X41+4.5*2+7, "")} -> 50.2 | AB41: {=IFERROR(IF(VALUE(XLOOKUP($B41,CRV!$A:$A,CRV!$BU:$BU))<=5.5,"прямой пуск (DOL)","звезда-треугольник (SD)"),"")} -> звезда-треугольник (SD) | AC41: {=IFERROR(INDEX(CRV!CA:CA, MATCH(B41, CRV!A:A, 0)), "")} -> HQQE | AD41: {=IFERROR(AD40-W41*XLOOKUP($B40,CRV!$A:$A,CRV!$BY:$BY)+W41*XLOOKUP($B41,CRV!$A:$A,CRV!$BY:$BY),"ошибка")} -> 565 | AE41: При заказе
B42: =IFERROR(__xludf.DUMMYFUNCTION("IFERROR(IF(REGEXMATCH(REGEXEXTRACT(A42,""\bCRV\s*\d+(?:-\d+)+(?:-(?:A?BI|AI|BI))?\b""),""-(?:A?BI|AI|BI)$""),REGEXREPLACE(REGEXEXTRACT(A42,""\bCRV\s*\d+(?:-\d+)+(?:-(?:A?BI|AI|BI))?\b""),""-(A?BI|AI|BI)$"",""C$1""),REGEXEXTRACT(A42,""\bCRV\s*\d+(?:-\d+)+("&"?:-(?:A?BI|AI|BI))?\b"")&""C""),"""")"),"") | D42: {=IFERROR(XLOOKUP($B42,CRV!$A:$A,CRV!$BA:$BA)+XLOOKUP($B42,CRV!$A:$A,CRV!$BB:$BB)+$O42,"")} | V42: =IFERROR(__xludf.DUMMYFUNCTION("IFERROR(REGEXEXTRACT(A42,""G2-B-(\d+)""),"""")"),"") | W42: =IF(OR(X42="", Y42=""), "", X42+Y42) | X42: =IFERROR(__xludf.DUMMYFUNCTION("IFERROR(VALUE(REGEXEXTRACT(A42,""\b(\d+)/\d+\b"")),"""")"),"") | Y42: =IFERROR(__xludf.DUMMYFUNCTION("IFERROR(VALUE(REGEXEXTRACT(A42,""\b\d+/(\d+)\b"")),"""") "),"") | Z42: {=IFERROR(INDEX(CRV!BU:BU, MATCH(B42, CRV!A:A, 0)), "")} | AA42: {=IFERROR(INDEX(CRV!BV:BV, MATCH(B42, CRV!A:A, 0))*X42+4.5*2+7, "")} | AB42: {=IFERROR(IF(VALUE(XLOOKUP($B42,CRV!$A:$A,CRV!$BU:$BU))<=5.5,"прямой пуск (DOL)","звезда-треугольник (SD)"),"")} | AC42: {=IFERROR(INDEX(CRV!CA:CA, MATCH(B42, CRV!A:A, 0)), "")}
A43: Hydro-FS-A 1/1 CRV 32-1-1 G2-B-100-16 | B43: =IFERROR(__xludf.DUMMYFUNCTION("IFERROR(IF(REGEXMATCH(REGEXEXTRACT(A43,""\bCRV\s*\d+(?:-\d+)+(?:-(?:A?BI|AI|BI))?\b""),""-(?:A?BI|AI|BI)$""),REGEXREPLACE(REGEXEXTRACT(A43,""\bCRV\s*\d+(?:-\d+)+(?:-(?:A?BI|AI|BI))?\b""),""-(A?BI|AI|BI)$"",""C$1""),REGEXEXTRACT(A43,""\bCRV\s*\d+(?:-\d+)+("&"?:-(?:A?BI|AI|BI))?\b"")&""C""),"""")"),"CRV 32-1-1C") -> CRV 32-1-1C | C43: 1650 | D43: {=IFERROR(XLOOKUP($B43,CRV!$A:$A,CRV!$BA:$BA)+XLOOKUP($B43,CRV!$A:$A,CRV!$BB:$BB)+$O43,"")} -> 807 | E43: 205 | F43: 569 | G43: 605 | H43: 1709 | I43: 1174 | J43: 1960 | K43: 427 | N43: 385 | O43: 100 | Q43: 12 отв. ø16 | R43: 1000 | S43: 800 | T43: 860 | U43: 550 | V43: =IFERROR(__xludf.DUMMYFUNCTION("IFERROR(REGEXEXTRACT(A43,""G2-B-(\d+)""),"""")"),"100") -> 100 | W43: =IF(OR(X43="", Y43=""), "", X43+Y43) -> 2 | X43: =IFERROR(__xludf.DUMMYFUNCTION("IFERROR(VALUE(REGEXEXTRACT(A43,""\b(\d+)/\d+\b"")),"""")"),1.0) -> 1 | Y43: =IFERROR(__xludf.DUMMYFUNCTION("IFERROR(VALUE(REGEXEXTRACT(A43,""\b\d+/(\d+)\b"")),"""") "),1.0) -> 1 | Z43: {=IFERROR(INDEX(CRV!BU:BU, MATCH(B43, CRV!A:A, 0)), "")} -> 1.5 | AA43: {=IFERROR(INDEX(CRV!BV:BV, MATCH(B43, CRV!A:A, 0))*X43+4.5*2+7, "")} -> 21.6 | AB43: {=IFERROR(IF(VALUE(XLOOKUP($B43,CRV!$A:$A,CRV!$BU:$BU))<=5.5,"прямой пуск (DOL)","звезда-треугольник (SD)"),"")} -> прямой пуск (DOL) | AC43: {=IFERROR(INDEX(CRV!CA:CA, MATCH(B43, CRV!A:A, 0)), "")} -> HQQE | AD43: 344 | AE43: 75211405
A44: Hydro-FS-A 1/1 CRV 32-1 G2-B-100-16 | B44: =IFERROR(__xludf.DUMMYFUNCTION("IFERROR(IF(REGEXMATCH(REGEXEXTRACT(A44,""\bCRV\s*\d+(?:-\d+)+(?:-(?:A?BI|AI|BI))?\b""),""-(?:A?BI|AI|BI)$""),REGEXREPLACE(REGEXEXTRACT(A44,""\bCRV\s*\d+(?:-\d+)+(?:-(?:A?BI|AI|BI))?\b""),""-(A?BI|AI|BI)$"",""C$1""),REGEXEXTRACT(A44,""\bCRV\s*\d+(?:-\d+)+("&"?:-(?:A?BI|AI|BI))?\b"")&""C""),"""")"),"CRV 32-1C") -> CRV 32-1C | C44: 1650 | D44: {=IFERROR(XLOOKUP($B44,CRV!$A:$A,CRV!$BA:$BA)+XLOOKUP($B44,CRV!$A:$A,CRV!$BB:$BB)+$O44,"")} -> 807 | E44: 205 | F44: 569 | G44: 605 | H44: 1709 | I44: 1174 | J44: 1960 | K44: 427 | N44: 385 | O44: 100 | Q44: 12 отв. ø16 | R44: 1000 | S44: 800 | T44: 860 | U44: 550 | V44: =IFERROR(__xludf.DUMMYFUNCTION("IFERROR(REGEXEXTRACT(A44,""G2-B-(\d+)""),"""")"),"100") -> 100 | W44: =IF(OR(X44="", Y44=""), "", X44+Y44) -> 2 | X44: =IFERROR(__xludf.DUMMYFUNCTION("IFERROR(VALUE(REGEXEXTRACT(A44,""\b(\d+)/\d+\b"")),"""")"),1.0) -> 1 | Y44: =IFERROR(__xludf.DUMMYFUNCTION("IFERROR(VALUE(REGEXEXTRACT(A44,""\b\d+/(\d+)\b"")),"""") "),1.0) -> 1 | Z44: {=IFERROR(INDEX(CRV!BU:BU, MATCH(B44, CRV!A:A, 0)), "")} -> 2.2 | AA44: {=IFERROR(INDEX(CRV!BV:BV, MATCH(B44, CRV!A:A, 0))*X44+4.5*2+7, "")} -> 23.9 | AB44: {=IFERROR(IF(VALUE(XLOOKUP($B44,CRV!$A:$A,CRV!$BU:$BU))<=5.5,"прямой пуск (DOL)","звезда-треугольник (SD)"),"")} -> прямой пуск (DOL) | AC44: {=IFERROR(INDEX(CRV!CA:CA, MATCH(B44, CRV!A:A, 0)), "")} -> HQQE | AD44: 350 | AE44: 75211406
A45: Hydro-FS-A 1/1 CRV 32-2-2 G2-B-100-16 | B45: =IFERROR(__xludf.DUMMYFUNCTION("IFERROR(IF(REGEXMATCH(REGEXEXTRACT(A45,""\bCRV\s*\d+(?:-\d+)+(?:-(?:A?BI|AI|BI))?\b""),""-(?:A?BI|AI|BI)$""),REGEXREPLACE(REGEXEXTRACT(A45,""\bCRV\s*\d+(?:-\d+)+(?:-(?:A?BI|AI|BI))?\b""),""-(A?BI|AI|BI)$"",""C$1""),REGEXEXTRACT(A45,""\bCRV\s*\d+(?:-\d+)+("&"?:-(?:A?BI|AI|BI))?\b"")&""C""),"""")"),"CRV 32-2-2C") -> CRV 32-2-2C | C45: 1650 | D45: {=IFERROR(XLOOKUP($B45,CRV!$A:$A,CRV!$BA:$BA)+XLOOKUP($B45,CRV!$A:$A,CRV!$BB:$BB)+$O45,"")} -> 897 | E45: 205 | F45: 569 | G45: 605 | H45: 1709 | I45: 1174 | J45: 1960 | K45: 427 | N45: 385 | O45: 100 | Q45: 12 отв. ø16 | R45: 1000 | S45: 800 | T45: 860 | U45: 550 | V45: =IFERROR(__xludf.DUMMYFUNCTION("IFERROR(REGEXEXTRACT(A45,""G2-B-(\d+)""),"""")"),"100") -> 100 | W45: =IF(OR(X45="", Y45=""), "", X45+Y45) -> 2 | X45: =IFERROR(__xludf.DUMMYFUNCTION("IFERROR(VALUE(REGEXEXTRACT(A45,""\b(\d+)/\d+\b"")),"""")"),1.0) -> 1 | Y45: =IFERROR(__xludf.DUMMYFUNCTION("IFERROR(VALUE(REGEXEXTRACT(A45,""\b\d+/(\d+)\b"")),"""") "),1.0) -> 1 | Z45: {=IFERROR(INDEX(CRV!BU:BU, MATCH(B45, CRV!A:A, 0)), "")} -> 3 | AA45: {=IFERROR(INDEX(CRV!BV:BV, MATCH(B45, CRV!A:A, 0))*X45+4.5*2+7, "")} -> 26.4 | AB45: {=IFERROR(IF(VALUE(XLOOKUP($B45,CRV!$A:$A,CRV!$BU:$BU))<=5.5,"прямой пуск (DOL)","звезда-треугольник (SD)"),"")} -> прямой пуск (DOL) | AC45: {=IFERROR(INDEX(CRV!CA:CA, MATCH(B45, CRV!A:A, 0)), "")} -> HQQE | AD45: 364 | AE45: 75211407
A46: Hydro-FS-A 1/1 CRV 32-2 G2-B-100-16 | B46: =IFERROR(__xludf.DUMMYFUNCTION("IFERROR(IF(REGEXMATCH(REGEXEXTRACT(A46,""\bCRV\s*\d+(?:-\d+)+(?:-(?:A?BI|AI|BI))?\b""),""-(?:A?BI|AI|BI)$""),REGEXREPLACE(REGEXEXTRACT(A46,""\bCRV\s*\d+(?:-\d+)+(?:-(?:A?BI|AI|BI))?\b""),""-(A?BI|AI|BI)$"",""C$1""),REGEXEXTRACT(A46,""\bCRV\s*\d+(?:-\d+)+("&"?:-(?:A?BI|AI|BI))?\b"")&""C""),"""")"),"CRV 32-2C") -> CRV 32-2C | C46: 1650 | D46: {=IFERROR(XLOOKUP($B46,CRV!$A:$A,CRV!$BA:$BA)+XLOOKUP($B46,CRV!$A:$A,CRV!$BB:$BB)+$O46,"")} -> 920 | E46: 205 | F46: 569 | G46: 605 | H46: 1709 | I46: 1174 | J46: 1960 | K46: 427 | N46: 385 | O46: 100 | Q46: 12 отв. ø16 | R46: 1000 | S46: 800 | T46: 860 | U46: 550 | V46: =IFERROR(__xludf.DUMMYFUNCTION("IFERROR(REGEXEXTRACT(A46,""G2-B-(\d+)""),"""")"),"100") -> 100 | W46: =IF(OR(X46="", Y46=""), "", X46+Y46) -> 2 | X46: =IFERROR(__xludf.DUMMYFUNCTION("IFERROR(VALUE(REGEXEXTRACT(A46,""\b(\d+)/\d+\b"")),"""")"),1.0) -> 1 | Y46: =IFERROR(__xludf.DUMMYFUNCTION("IFERROR(VALUE(REGEXEXTRACT(A46,""\b\d+/(\d+)\b"")),"""") "),1.0) -> 1 | Z46: {=IFERROR(INDEX(CRV!BU:BU, MATCH(B46, CRV!A:A, 0)), "")} -> 4 | AA46: {=IFERROR(INDEX(CRV!BV:BV, MATCH(B46, CRV!A:A, 0))*X46+4.5*2+7, "")} -> 23.8 | AB46: {=IFERROR(IF(VALUE(XLOOKUP($B46,CRV!$A:$A,CRV!$BU:$BU))<=5.5,"прямой пуск (DOL)","звезда-треугольник (SD)"),"")} -> прямой пуск (DOL) | AC46: {=IFERROR(INDEX(CRV!CA:CA, MATCH(B46, CRV!A:A, 0)), "")} -> HQQE | AD46: 364 | AE46: 75211378
A47: Hydro-FS-A 1/1 CRV 32-3 G2-B-100-16 | B47: =IFERROR(__xludf.DUMMYFUNCTION("IFERROR(IF(REGEXMATCH(REGEXEXTRACT(A47,""\bCRV\s*\d+(?:-\d+)+(?:-(?:A?BI|AI|BI))?\b""),""-(?:A?BI|AI|BI)$""),REGEXREPLACE(REGEXEXTRACT(A47,""\bCRV\s*\d+(?:-\d+)+(?:-(?:A?BI|AI|BI))?\b""),""-(A?BI|AI|BI)$"",""C$1""),REGEXEXTRACT(A47,""\bCRV\s*\d+(?:-\d+)+("&"?:-(?:A?BI|AI|BI))?\b"")&""C""),"""")"),"CRV 32-3C") -> CRV 32-3C | C47: 1650 | D47: {=IFERROR(XLOOKUP($B47,CRV!$A:$A,CRV!$BA:$BA)+XLOOKUP($B47,CRV!$A:$A,CRV!$BB:$BB)+$O47,"")} -> 1118 | E47: 205 | F47: 569 | G47: 605 | H47: 1709 | I47: 1174 | J47: 1960 | K47: 427 | N47: 385 | O47: 100 | Q47: 12 отв. ø16 | R47: 1000 | S47: 800 | T47: 860 | U47: 550 | V47: =IFERROR(__xludf.DUMMYFUNCTION("IFERROR(REGEXEXTRACT(A47,""G2-B-(\d+)""),"""")"),"100") -> 100 | W47: =IF(OR(X47="", Y47=""), "", X47+Y47) -> 2 | X47: =IFERROR(__xludf.DUMMYFUNCTION("IFERROR(VALUE(REGEXEXTRACT(A47,""\b(\d+)/\d+\b"")),"""")"),1.0) -> 1 | Y47: =IFERROR(__xludf.DUMMYFUNCTION("IFERROR(VALUE(REGEXEXTRACT(A47,""\b\d+/(\d+)\b"")),"""") "),1.0) -> 1 | Z47: {=IFERROR(INDEX(CRV!BU:BU, MATCH(B47, CRV!A:A, 0)), "")} -> 5.5 | AA47: {=IFERROR(INDEX(CRV!BV:BV, MATCH(B47, CRV!A:A, 0))*X47+4.5*2+7, "")} -> 26.6 | AB47: {=IFERROR(IF(VALUE(XLOOKUP($B47,CRV!$A:$A,CRV!$BU:$BU))<=5.5,"прямой пуск (DOL)","звезда-треугольник (SD)"),"")} -> прямой пуск (DOL) | AC47: {=IFERROR(INDEX(CRV!CA:CA, MATCH(B47, CRV!A:A, 0)), "")} -> HQQE | AD47: 394 | AE47: 75211364
A48: Hydro-FS-A 1/1 CRV 32-4 G2-B-100-16 | B48: =IFERROR(__xludf.DUMMYFUNCTION("IFERROR(IF(REGEXMATCH(REGEXEXTRACT(A48,""\bCRV\s*\d+(?:-\d+)+(?:-(?:A?BI|AI|BI))?\b""),""-(?:A?BI|AI|BI)$""),REGEXREPLACE(REGEXEXTRACT(A48,""\bCRV\s*\d+(?:-\d+)+(?:-(?:A?BI|AI|BI))?\b""),""-(A?BI|AI|BI)$"",""C$1""),REGEXEXTRACT(A48,""\bCRV\s*\d+(?:-\d+)+("&"?:-(?:A?BI|AI|BI))?\b"")&""C""),"""")"),"CRV 32-4C") -> CRV 32-4C | C48: 1650 | D48: {=IFERROR(XLOOKUP($B48,CRV!$A:$A,CRV!$BA:$BA)+XLOOKUP($B48,CRV!$A:$A,CRV!$BB:$BB)+$O48,"")} -> 1226 | E48: 205 | F48: 569 | G48: 605 | H48: 1709 | I48: 1174 | J48: 1960 | K48: 427 | N48: 385 | O48: 100 | Q48: 12 отв. ø16 | R48: 1000 | S48: 800 | T48: 860 | U48: 550 | V48: =IFERROR(__xludf.DUMMYFUNCTION("IFERROR(REGEXEXTRACT(A48,""G2-B-(\d+)""),"""")"),"100") -> 100 | W48: =IF(OR(X48="", Y48=""), "", X48+Y48) -> 2 | X48: =IFERROR(__xludf.DUMMYFUNCTION("IFERROR(VALUE(REGEXEXTRACT(A48,""\b(\d+)/\d+\b"")),"""")"),1.0) -> 1 | Y48: =IFERROR(__xludf.DUMMYFUNCTION("IFERROR(VALUE(REGEXEXTRACT(A48,""\b\d+/(\d+)\b"")),"""") "),1.0) -> 1 | Z48: {=IFERROR(INDEX(CRV!BU:BU, MATCH(B48, CRV!A:A, 0)), "")} -> 7.5 | AA48: {=IFERROR(INDEX(CRV!BV:BV, MATCH(B48, CRV!A:A, 0))*X48+4.5*2+7, "")} -> 30.4 | AB48: {=IFERROR(IF(VALUE(XLOOKUP($B48,CRV!$A:$A,CRV!$BU:$BU))<=5.5,"прямой пуск (DOL)","звезда-треугольник (SD)"),"")} -> звезда-треугольник (SD) | AC48: {=IFERROR(INDEX(CRV!CA:CA, MATCH(B48, CRV!A:A, 0)), "")} -> HQQE | AD48: 412 | AE48: 75211408
A49: Hydro-FS-A 1/1 CRV 32-5 G2-B-100-16 | B49: =IFERROR(__xludf.DUMMYFUNCTION("IFERROR(IF(REGEXMATCH(REGEXEXTRACT(A49,""\bCRV\s*\d+(?:-\d+)+(?:-(?:A?BI|AI|BI))?\b""),""-(?:A?BI|AI|BI)$""),REGEXREPLACE(REGEXEXTRACT(A49,""\bCRV\s*\d+(?:-\d+)+(?:-(?:A?BI|AI|BI))?\b""),""-(A?BI|AI|BI)$"",""C$1""),REGEXEXTRACT(A49,""\bCRV\s*\d+(?:-\d+)+("&"?:-(?:A?BI|AI|BI))?\b"")&""C""),"""")"),"CRV 32-5C") -> CRV 32-5C | C49: 1650 | D49: {=IFERROR(XLOOKUP($B49,CRV!$A:$A,CRV!$BA:$BA)+XLOOKUP($B49,CRV!$A:$A,CRV!$BB:$BB)+$O49,"")} -> 1420 | E49: 205 | F49: 569 | G49: 605 | H49: 1709 | I49: 1174 | J49: 1960 | K49: 427 | N49: 385 | O49: 100 | Q49: 12 отв. ø16 | R49: 1000 | S49: 800 | T49: 860 | U49: 550 | V49: =IFERROR(__xludf.DUMMYFUNCTION("IFERROR(REGEXEXTRACT(A49,""G2-B-(\d+)""),"""")"),"100") -> 100 | W49: =IF(OR(X49="", Y49=""), "", X49+Y49) -> 2 | X49: =IFERROR(__xludf.DUMMYFUNCTION("IFERROR(VALUE(REGEXEXTRACT(A49,""\b(\d+)/\d+\b"")),"""")"),1.0) -> 1 | Y49: =IFERROR(__xludf.DUMMYFUNCTION("IFERROR(VALUE(REGEXEXTRACT(A49,""\b\d+/(\d+)\b"")),"""") "),1.0) -> 1 | Z49: {=IFERROR(INDEX(CRV!BU:BU, MATCH(B49, CRV!A:A, 0)), "")} -> 11 | AA49: {=IFERROR(INDEX(CRV!BV:BV, MATCH(B49, CRV!A:A, 0))*X49+4.5*2+7, "")} -> 36.6 | AB49: {=IFERROR(IF(VALUE(XLOOKUP($B49,CRV!$A:$A,CRV!$BU:$BU))<=5.5,"прямой пуск (DOL)","звезда-треугольник (SD)"),"")} -> звезда-треугольник (SD) | AC49: {=IFERROR(INDEX(CRV!CA:CA, MATCH(B49, CRV!A:A, 0)), "")} -> HQQE | AD49: 560 | AE49: 75211365
A50: Hydro-FS-A 1/1 CRV 32-6 G2-B-100-16 | B50: =IFERROR(__xludf.DUMMYFUNCTION("IFERROR(IF(REGEXMATCH(REGEXEXTRACT(A50,""\bCRV\s*\d+(?:-\d+)+(?:-(?:A?BI|AI|BI))?\b""),""-(?:A?BI|AI|BI)$""),REGEXREPLACE(REGEXEXTRACT(A50,""\bCRV\s*\d+(?:-\d+)+(?:-(?:A?BI|AI|BI))?\b""),""-(A?BI|AI|BI)$"",""C$1""),REGEXEXTRACT(A50,""\bCRV\s*\d+(?:-\d+)+("&"?:-(?:A?BI|AI|BI))?\b"")&""C""),"""")"),"CRV 32-6C") -> CRV 32-6C | C50: 1650 | D50: {=IFERROR(XLOOKUP($B50,CRV!$A:$A,CRV!$BA:$BA)+XLOOKUP($B50,CRV!$A:$A,CRV!$BB:$BB)+$O50,"")} -> 1490 | E50: 205 | F50: 569 | G50: 605 | H50: 1709 | I50: 1174 | J50: 1960 | K50: 427 | N50: 385 | O50: 100 | Q50: 12 отв. ø16 | R50: 1000 | S50: 800 | T50: 860 | U50: 550 | V50: =IFERROR(__xludf.DUMMYFUNCTION("IFERROR(REGEXEXTRACT(A50,""G2-B-(\d+)""),"""")"),"100") -> 100 | W50: =IF(OR(X50="", Y50=""), "", X50+Y50) -> 2 | X50: =IFERROR(__xludf.DUMMYFUNCTION("IFERROR(VALUE(REGEXEXTRACT(A50,""\b(\d+)/\d+\b"")),"""")"),1.0) -> 1 | Y50: =IFERROR(__xludf.DUMMYFUNCTION("IFERROR(VALUE(REGEXEXTRACT(A50,""\b\d+/(\d+)\b"")),"""") "),1.0) -> 1 | Z50: {=IFERROR(INDEX(CRV!BU:BU, MATCH(B50, CRV!A:A, 0)), "")} -> 11 | AA50: {=IFERROR(INDEX(CRV!BV:BV, MATCH(B50, CRV!A:A, 0))*X50+4.5*2+7, "")} -> 36.6 | AB50: {=IFERROR(IF(VALUE(XLOOKUP($B50,CRV!$A:$A,CRV!$BU:$BU))<=5.5,"прямой пуск (DOL)","звезда-треугольник (SD)"),"")} -> звезда-треугольник (SD) | AC50: {=IFERROR(INDEX(CRV!CA:CA, MATCH(B50, CRV!A:A, 0)), "")} -> HQQE | AD50: 564 | AE50: 75211409
A51: Hydro-FS-A 1/1 CRV 32-7 G2-B-100-16 | B51: =IFERROR(__xludf.DUMMYFUNCTION("IFERROR(IF(REGEXMATCH(REGEXEXTRACT(A51,""\bCRV\s*\d+(?:-\d+)+(?:-(?:A?BI|AI|BI))?\b""),""-(?:A?BI|AI|BI)$""),REGEXREPLACE(REGEXEXTRACT(A51,""\bCRV\s*\d+(?:-\d+)+(?:-(?:A?BI|AI|BI))?\b""),""-(A?BI|AI|BI)$"",""C$1""),REGEXEXTRACT(A51,""\bCRV\s*\d+(?:-\d+)+("&"?:-(?:A?BI|AI|BI))?\b"")&""C""),"""")"),"CRV 32-7C") -> CRV 32-7C | C51: 1650 | D51: {=IFERROR(XLOOKUP($B51,CRV!$A:$A,CRV!$BA:$BA)+XLOOKUP($B51,CRV!$A:$A,CRV!$BB:$BB)+$O51,"")} -> 1601 | E51: 205 | F51: 569 | G51: 605 | H51: 1709 | I51: 1174 | J51: 1960 | K51: 427 | N51: 385 | O51: 100 | Q51: 12 отв. ø16 | R51: 1000 | S51: 800 | T51: 860 | U51: 550 | V51: =IFERROR(__xludf.DUMMYFUNCTION("IFERROR(REGEXEXTRACT(A51,""G2-B-(\d+)""),"""")"),"100") -> 100 | W51: =IF(OR(X51="", Y51=""), "", X51+Y51) -> 2 | X51: =IFERROR(__xludf.DUMMYFUNCTION("IFERROR(VALUE(REGEXEXTRACT(A51,""\b(\d+)/\d+\b"")),"""")"),1.0) -> 1 | Y51: =IFERROR(__xludf.DUMMYFUNCTION("IFERROR(VALUE(REGEXEXTRACT(A51,""\b\d+/(\d+)\b"")),"""") "),1.0) -> 1 | Z51: {=IFERROR(INDEX(CRV!BU:BU, MATCH(B51, CRV!A:A, 0)), "")} -> 15 | AA51: {=IFERROR(INDEX(CRV!BV:BV, MATCH(B51, CRV!A:A, 0))*X51+4.5*2+7, "")} -> 43.9 | AB51: {=IFERROR(IF(VALUE(XLOOKUP($B51,CRV!$A:$A,CRV!$BU:$BU))<=5.5,"прямой пуск (DOL)","звезда-треугольник (SD)"),"")} -> звезда-треугольник (SD) | AC51: {=IFERROR(INDEX(CRV!CA:CA, MATCH(B51, CRV!A:A, 0)), "")} -> HQQE | AD51: 584 | AE51: 75211410
A52: Hydro-FS-A 1/1 CRV 32-8-2 G2-B-100-16 | B52: =IFERROR(__xludf.DUMMYFUNCTION("IFERROR(IF(REGEXMATCH(REGEXEXTRACT(A52,""\bCRV\s*\d+(?:-\d+)+(?:-(?:A?BI|AI|BI))?\b""),""-(?:A?BI|AI|BI)$""),REGEXREPLACE(REGEXEXTRACT(A52,""\bCRV\s*\d+(?:-\d+)+(?:-(?:A?BI|AI|BI))?\b""),""-(A?BI|AI|BI)$"",""C$1""),REGEXEXTRACT(A52,""\bCRV\s*\d+(?:-\d+)+("&"?:-(?:A?BI|AI|BI))?\b"")&""C""),"""")"),"CRV 32-8-2C") -> CRV 32-8-2C | C52: 1650 | D52: {=IFERROR(XLOOKUP($B52,CRV!$A:$A,CRV!$BA:$BA)+XLOOKUP($B52,CRV!$A:$A,CRV!$BB:$BB)+$O52,"")} -> 1671 | E52: 205 | F52: 569 | G52: 605 | H52: 1709 | I52: 1174 | J52: 1960 | K52: 427 | N52: 385 | O52: 100 | Q52: 12 отв. ø16 | R52: 1000 | S52: 800 | T52: 860 | U52: 550 | V52: =IFERROR(__xludf.DUMMYFUNCTION("IFERROR(REGEXEXTRACT(A52,""G2-B-(\d+)""),"""")"),"100") -> 100 | W52: =IF(OR(X52="", Y52=""), "", X52+Y52) -> 2 | X52: =IFERROR(__xludf.DUMMYFUNCTION("IFERROR(VALUE(REGEXEXTRACT(A52,""\b(\d+)/\d+\b"")),"""")"),1.0) -> 1 | Y52: =IFERROR(__xludf.DUMMYFUNCTION("IFERROR(VALUE(REGEXEXTRACT(A52,""\b\d+/(\d+)\b"")),"""") "),1.0) -> 1 | Z52: {=IFERROR(INDEX(CRV!BU:BU, MATCH(B52, CRV!A:A, 0)), "")} -> 15 | AA52: {=IFERROR(INDEX(CRV!BV:BV, MATCH(B52, CRV!A:A, 0))*X52+4.5*2+7, "")} -> 43.9 | AB52: {=IFERROR(IF(VALUE(XLOOKUP($B52,CRV!$A:$A,CRV!$BU:$BU))<=5.5,"прямой пуск (DOL)","звезда-треугольник (SD)"),"")} -> звезда-треугольник (SD) | AC52: {=IFERROR(INDEX(CRV!CA:CA, MATCH(B52, CRV!A:A, 0)), "")} -> HQQE | AD52: {=IFERROR(AD51-W52*XLOOKUP($B51,CRV!$A:$A,CRV!$BY:$BY)+W52*XLOOKUP($B52,CRV!$A:$A,CRV!$BY:$BY),"ошибка")} -> 592 | AE52: При заказе
A53: Hydro-FS-A 1/1 CRV 32-8 G2-B-100-16 | B53: =IFERROR(__xludf.DUMMYFUNCTION("IFERROR(IF(REGEXMATCH(REGEXEXTRACT(A53,""\bCRV\s*\d+(?:-\d+)+(?:-(?:A?BI|AI|BI))?\b""),""-(?:A?BI|AI|BI)$""),REGEXREPLACE(REGEXEXTRACT(A53,""\bCRV\s*\d+(?:-\d+)+(?:-(?:A?BI|AI|BI))?\b""),""-(A?BI|AI|BI)$"",""C$1""),REGEXEXTRACT(A53,""\bCRV\s*\d+(?:-\d+)+("&"?:-(?:A?BI|AI|BI))?\b"")&""C""),"""")"),"CRV 32-8C") -> CRV 32-8C | C53: 1650 | D53: {=IFERROR(XLOOKUP($B53,CRV!$A:$A,CRV!$BA:$BA)+XLOOKUP($B53,CRV!$A:$A,CRV!$BB:$BB)+$O53,"")} -> 1671 | E53: 205 | F53: 569 | G53: 605 | H53: 1709 | I53: 1174 | J53: 1960 | K53: 427 | N53: 385 | O53: 100 | Q53: 12 отв. ø16 | R53: 1000 | S53: 800 | T53: 860 | U53: 550 | V53: =IFERROR(__xludf.DUMMYFUNCTION("IFERROR(REGEXEXTRACT(A53,""G2-B-(\d+)""),"""")"),"100") -> 100 | W53: =IF(OR(X53="", Y53=""), "", X53+Y53) -> 2 | X53: =IFERROR(__xludf.DUMMYFUNCTION("IFERROR(VALUE(REGEXEXTRACT(A53,""\b(\d+)/\d+\b"")),"""")"),1.0) -> 1 | Y53: =IFERROR(__xludf.DUMMYFUNCTION("IFERROR(VALUE(REGEXEXTRACT(A53,""\b\d+/(\d+)\b"")),"""") "),1.0) -> 1 | Z53: {=IFERROR(INDEX(CRV!BU:BU, MATCH(B53, CRV!A:A, 0)), "")} -> 15 | AA53: {=IFERROR(INDEX(CRV!BV:BV, MATCH(B53, CRV!A:A, 0))*X53+4.5*2+7, "")} -> 43.9 | AB53: {=IFERROR(IF(VALUE(XLOOKUP($B53,CRV!$A:$A,CRV!$BU:$BU))<=5.5,"прямой пуск (DOL)","звезда-треугольник (SD)"),"")} -> звезда-треугольник (SD) | AC53: {=IFERROR(INDEX(CRV!CA:CA, MATCH(B53, CRV!A:A, 0)), "")} -> HQQE | AD53: {=IFERROR(AD52-W53*XLOOKUP($B52,CRV!$A:$A,CRV!$BY:$BY)+W53*XLOOKUP($B53,CRV!$A:$A,CRV!$BY:$BY),"ошибка")} -> 592 | AE53: При заказе
A54: Hydro-FS-A 1/1 CRV 32-9-2 G2-B-100-25 | B54: =IFERROR(__xludf.DUMMYFUNCTION("IFERROR(IF(REGEXMATCH(REGEXEXTRACT(A54,""\bCRV\s*\d+(?:-\d+)+(?:-(?:A?BI|AI|BI))?\b""),""-(?:A?BI|AI|BI)$""),REGEXREPLACE(REGEXEXTRACT(A54,""\bCRV\s*\d+(?:-\d+)+(?:-(?:A?BI|AI|BI))?\b""),""-(A?BI|AI|BI)$"",""C$1""),REGEXEXTRACT(A54,""\bCRV\s*\d+(?:-\d+)+("&"?:-(?:A?BI|AI|BI))?\b"")&""C""),"""")"),"CRV 32-9-2C") -> CRV 32-9-2C | C54: 1650 | D54: {=IFERROR(XLOOKUP($B54,CRV!$A:$A,CRV!$BA:$BA)+XLOOKUP($B54,CRV!$A:$A,CRV!$BB:$BB)+$O54,"")} -> 1794 | E54: 205 | F54: 569 | G54: 605 | H54: 1709 | I54: 1174 | J54: 1960 | K54: 427 | N54: 385 | O54: 100 | Q54: 12 отв. ø16 | R54: 1000 | S54: 800 | T54: 860 | U54: 550 | V54: =IFERROR(__xludf.DUMMYFUNCTION("IFERROR(REGEXEXTRACT(A54,""G2-B-(\d+)""),"""")"),"100") -> 100 | W54: =IF(OR(X54="", Y54=""), "", X54+Y54) -> 2 | X54: =IFERROR(__xludf.DUMMYFUNCTION("IFERROR(VALUE(REGEXEXTRACT(A54,""\b(\d+)/\d+\b"")),"""")"),1.0) -> 1 | Y54: =IFERROR(__xludf.DUMMYFUNCTION("IFERROR(VALUE(REGEXEXTRACT(A54,""\b\d+/(\d+)\b"")),"""") "),1.0) -> 1 | Z54: {=IFERROR(INDEX(CRV!BU:BU, MATCH(B54, CRV!A:A, 0)), "")} -> 18.5 | AA54: {=IFERROR(INDEX(CRV!BV:BV, MATCH(B54, CRV!A:A, 0))*X54+4.5*2+7, "")} -> 50.2 | AB54: {=IFERROR(IF(VALUE(XLOOKUP($B54,CRV!$A:$A,CRV!$BU:$BU))<=5.5,"прямой пуск (DOL)","звезда-треугольник (SD)"),"")} -> звезда-треугольник (SD) | AC54: {=IFERROR(INDEX(CRV!CA:CA, MATCH(B54, CRV!A:A, 0)), "")} -> HQQE | AD54: {=IFERROR(AD53-W54*XLOOKUP($B53,CRV!$A:$A,CRV!$BY:$BY)+W54*XLOOKUP($B54,CRV!$A:$A,CRV!$BY:$BY),"ошибка")} -> 650 | AE54: При заказе
A55: Hydro-FS-A 1/1 CRV 32-9 G2-B-100-25 | B55: =IFERROR(__xludf.DUMMYFUNCTION("IFERROR(IF(REGEXMATCH(REGEXEXTRACT(A55,""\bCRV\s*\d+(?:-\d+)+(?:-(?:A?BI|AI|BI))?\b""),""-(?:A?BI|AI|BI)$""),REGEXREPLACE(REGEXEXTRACT(A55,""\bCRV\s*\d+(?:-\d+)+(?:-(?:A?BI|AI|BI))?\b""),""-(A?BI|AI|BI)$"",""C$1""),REGEXEXTRACT(A55,""\bCRV\s*\d+(?:-\d+)+("&"?:-(?:A?BI|AI|BI))?\b"")&""C""),"""")"),"CRV 32-9C") -> CRV 32-9C | C55: 1650 | D55: {=IFERROR(XLOOKUP($B55,CRV!$A:$A,CRV!$BA:$BA)+XLOOKUP($B55,CRV!$A:$A,CRV!$BB:$BB)+$O55,"")} -> 1794 | E55: 205 | F55: 569 | G55: 605 | H55: 1709 | I55: 1174 | J55: 1960 | K55: 427 | N55: 385 | O55: 100 | Q55: 12 отв. ø16 | R55: 1000 | S55: 800 | T55: 860 | U55: 550 | V55: =IFERROR(__xludf.DUMMYFUNCTION("IFERROR(REGEXEXTRACT(A55,""G2-B-(\d+)""),"""")"),"100") -> 100 | W55: =IF(OR(X55="", Y55=""), "", X55+Y55) -> 2 | X55: =IFERROR(__xludf.DUMMYFUNCTION("IFERROR(VALUE(REGEXEXTRACT(A55,""\b(\d+)/\d+\b"")),"""")"),1.0) -> 1 | Y55: =IFERROR(__xludf.DUMMYFUNCTION("IFERROR(VALUE(REGEXEXTRACT(A55,""\b\d+/(\d+)\b"")),"""") "),1.0) -> 1 | Z55: {=IFERROR(INDEX(CRV!BU:BU, MATCH(B55, CRV!A:A, 0)), "")} -> 18.5 | AA55: {=IFERROR(INDEX(CRV!BV:BV, MATCH(B55, CRV!A:A, 0))*X55+4.5*2+7, "")} -> 50.2 | AB55: {=IFERROR(IF(VALUE(XLOOKUP($B55,CRV!$A:$A,CRV!$BU:$BU))<=5.5,"прямой пуск (DOL)","звезда-треугольник (SD)"),"")} -> звезда-треугольник (SD) | AC55: {=IFERROR(INDEX(CRV!CA:CA, MATCH(B55, CRV!A:A, 0)), "")} -> HQQE | AD55: {=IFERROR(AD54-W55*XLOOKUP($B54,CRV!$A:$A,CRV!$BY:$BY)+W55*XLOOKUP($B55,CRV!$A:$A,CRV!$BY:$BY),"ошибка")} -> 650 | AE55: При заказе
A56: Hydro-FS-A 1/1 CRV 32-10-2 G2-B-100-25 | B56: =IFERROR(__xludf.DUMMYFUNCTION("IFERROR(IF(REGEXMATCH(REGEXEXTRACT(A56,""\bCRV\s*\d+(?:-\d+)+(?:-(?:A?BI|AI|BI))?\b""),""-(?:A?BI|AI|BI)$""),REGEXREPLACE(REGEXEXTRACT(A56,""\bCRV\s*\d+(?:-\d+)+(?:-(?:A?BI|AI|BI))?\b""),""-(A?BI|AI|BI)$"",""C$1""),REGEXEXTRACT(A56,""\bCRV\s*\d+(?:-\d+)+("&"?:-(?:A?BI|AI|BI))?\b"")&""C""),"""")"),"CRV 32-10-2C") -> CRV 32-10-2C | C56: 1650 | D56: {=IFERROR(XLOOKUP($B56,CRV!$A:$A,CRV!$BA:$BA)+XLOOKUP($B56,CRV!$A:$A,CRV!$BB:$BB)+$O56,"")} -> 1864 | E56: 205 | F56: 569 | G56: 605 | H56: 1709 | I56: 1174 | J56: 1960 | K56: 427 | N56: 385 | O56: 100 | Q56: 12 отв. ø16 | R56: 1000 | S56: 800 | T56: 860 | U56: 550 | V56: =IFERROR(__xludf.DUMMYFUNCTION("IFERROR(REGEXEXTRACT(A56,""G2-B-(\d+)""),"""")"),"100") -> 100 | W56: =IF(OR(X56="", Y56=""), "", X56+Y56) -> 2 | X56: =IFERROR(__xludf.DUMMYFUNCTION("IFERROR(VALUE(REGEXEXTRACT(A56,""\b(\d+)/\d+\b"")),"""")"),1.0) -> 1 | Y56: =IFERROR(__xludf.DUMMYFUNCTION("IFERROR(VALUE(REGEXEXTRACT(A56,""\b\d+/(\d+)\b"")),"""") "),1.0) -> 1 | Z56: {=IFERROR(INDEX(CRV!BU:BU, MATCH(B56, CRV!A:A, 0)), "")} -> 18.5 | AA56: {=IFERROR(INDEX(CRV!BV:BV, MATCH(B56, CRV!A:A, 0))*X56+4.5*2+7, "")} -> 50.2 | AB56: {=IFERROR(IF(VALUE(XLOOKUP($B56,CRV!$A:$A,CRV!$BU:$BU))<=5.5,"прямой пуск (DOL)","звезда-треугольник (SD)"),"")} -> звезда-треугольник (SD) | AC56: {=IFERROR(INDEX(CRV!CA:CA, MATCH(B56, CRV!A:A, 0)), "")} -> HQQE | AD56: {=IFERROR(AD55-W56*XLOOKUP($B55,CRV!$A:$A,CRV!$BY:$BY)+W56*XLOOKUP($B56,CRV!$A:$A,CRV!$BY:$BY),"ошибка")} -> 656 | AE56: При заказе
A57: Hydro-FS-A 1/1 CRV 32-10 G2-B-100-25 | B57: =IFERROR(__xludf.DUMMYFUNCTION("IFERROR(IF(REGEXMATCH(REGEXEXTRACT(A57,""\bCRV\s*\d+(?:-\d+)+(?:-(?:A?BI|AI|BI))?\b""),""-(?:A?BI|AI|BI)$""),REGEXREPLACE(REGEXEXTRACT(A57,""\bCRV\s*\d+(?:-\d+)+(?:-(?:A?BI|AI|BI))?\b""),""-(A?BI|AI|BI)$"",""C$1""),REGEXEXTRACT(A57,""\bCRV\s*\d+(?:-\d+)+("&"?:-(?:A?BI|AI|BI))?\b"")&""C""),"""")"),"CRV 32-10C") -> CRV 32-10C | C57: 1650 | D57: {=IFERROR(XLOOKUP($B57,CRV!$A:$A,CRV!$BA:$BA)+XLOOKUP($B57,CRV!$A:$A,CRV!$BB:$BB)+$O57,"")} -> 1864 | E57: 205 | F57: 569 | G57: 605 | H57: 1709 | I57: 1174 | J57: 1960 | K57: 427 | N57: 385 | O57: 100 | Q57: 12 отв. ø16 | R57: 1000 | S57: 800 | T57: 860 | U57: 550 | V57: =IFERROR(__xludf.DUMMYFUNCTION("IFERROR(REGEXEXTRACT(A57,""G2-B-(\d+)""),"""")"),"100") -> 100 | W57: =IF(OR(X57="", Y57=""), "", X57+Y57) -> 2 | X57: =IFERROR(__xludf.DUMMYFUNCTION("IFERROR(VALUE(REGEXEXTRACT(A57,""\b(\d+)/\d+\b"")),"""")"),1.0) -> 1 | Y57: =IFERROR(__xludf.DUMMYFUNCTION("IFERROR(VALUE(REGEXEXTRACT(A57,""\b\d+/(\d+)\b"")),"""") "),1.0) -> 1 | Z57: {=IFERROR(INDEX(CRV!BU:BU, MATCH(B57, CRV!A:A, 0)), "")} -> 18.5 | AA57: {=IFERROR(INDEX(CRV!BV:BV, MATCH(B57, CRV!A:A, 0))*X57+4.5*2+7, "")} -> 50.2 | AB57: {=IFERROR(IF(VALUE(XLOOKUP($B57,CRV!$A:$A,CRV!$BU:$BU))<=5.5,"прямой пуск (DOL)","звезда-треугольник (SD)"),"")} -> звезда-треугольник (SD) | AC57: {=IFERROR(INDEX(CRV!CA:CA, MATCH(B57, CRV!A:A, 0)), "")} -> HQQE | AD57: {=IFERROR(AD56-W57*XLOOKUP($B56,CRV!$A:$A,CRV!$BY:$BY)+W57*XLOOKUP($B57,CRV!$A:$A,CRV!$BY:$BY),"ошибка")} -> 656 | AE57: При заказе
A58: Hydro-FS-A 1/1 CRV 32-11-2 G2-B-100-25 | B58: =IFERROR(__xludf.DUMMYFUNCTION("IFERROR(IF(REGEXMATCH(REGEXEXTRACT(A58,""\bCRV\s*\d+(?:-\d+)+(?:-(?:A?BI|AI|BI))?\b""),""-(?:A?BI|AI|BI)$""),REGEXREPLACE(REGEXEXTRACT(A58,""\bCRV\s*\d+(?:-\d+)+(?:-(?:A?BI|AI|BI))?\b""),""-(A?BI|AI|BI)$"",""C$1""),REGEXEXTRACT(A58,""\bCRV\s*\d+(?:-\d+)+("&"?:-(?:A?BI|AI|BI))?\b"")&""C""),"""")"),"CRV 32-11-2C") -> CRV 32-11-2C | C58: 1650 | D58: {=IFERROR(XLOOKUP($B58,CRV!$A:$A,CRV!$BA:$BA)+XLOOKUP($B58,CRV!$A:$A,CRV!$BB:$BB)+$O58,"")} -> 1972 | E58: 205 | F58: 569 | G58: 605 | H58: 1709 | I58: 1174 | J58: 1960 | K58: 427 | N58: 385 | O58: 100 | Q58: 12 отв. ø16 | R58: 1000 | S58: 800 | T58: 860 | U58: 550 | V58: =IFERROR(__xludf.DUMMYFUNCTION("IFERROR(REGEXEXTRACT(A58,""G2-B-(\d+)""),"""")"),"100") -> 100 | W58: =IF(OR(X58="", Y58=""), "", X58+Y58) -> 2 | X58: =IFERROR(__xludf.DUMMYFUNCTION("IFERROR(VALUE(REGEXEXTRACT(A58,""\b(\d+)/\d+\b"")),"""")"),1.0) -> 1 | Y58: =IFERROR(__xludf.DUMMYFUNCTION("IFERROR(VALUE(REGEXEXTRACT(A58,""\b\d+/(\d+)\b"")),"""") "),1.0) -> 1 | Z58: {=IFERROR(INDEX(CRV!BU:BU, MATCH(B58, CRV!A:A, 0)), "")} -> 22 | AA58: {=IFERROR(INDEX(CRV!BV:BV, MATCH(B58, CRV!A:A, 0))*X58+4.5*2+7, "")} -> 56.5 | AB58: {=IFERROR(IF(VALUE(XLOOKUP($B58,CRV!$A:$A,CRV!$BU:$BU))<=5.5,"прямой пуск (DOL)","звезда-треугольник (SD)"),"")} -> звезда-треугольник (SD) | AC58: {=IFERROR(INDEX(CRV!CA:CA, MATCH(B58, CRV!A:A, 0)), "")} -> HQQE | AD58: {=IFERROR(AD57-W58*XLOOKUP($B57,CRV!$A:$A,CRV!$BY:$BY)+W58*XLOOKUP($B58,CRV!$A:$A,CRV!$BY:$BY),"ошибка")} -> 730 | AE58: При заказе
A59: Hydro-FS-A 1/1 CRV 32-11 G2-B-100-25 | B59: =IFERROR(__xludf.DUMMYFUNCTION("IFERROR(IF(REGEXMATCH(REGEXEXTRACT(A59,""\bCRV\s*\d+(?:-\d+)+(?:-(?:A?BI|AI|BI))?\b""),""-(?:A?BI|AI|BI)$""),REGEXREPLACE(REGEXEXTRACT(A59,""\bCRV\s*\d+(?:-\d+)+(?:-(?:A?BI|AI|BI))?\b""),""-(A?BI|AI|BI)$"",""C$1""),REGEXEXTRACT(A59,""\bCRV\s*\d+(?:-\d+)+("&"?:-(?:A?BI|AI|BI))?\b"")&""C""),"""")"),"CRV 32-11C") -> CRV 32-11C | C59: 1650 | D59: {=IFERROR(XLOOKUP($B59,CRV!$A:$A,CRV!$BA:$BA)+XLOOKUP($B59,CRV!$A:$A,CRV!$BB:$BB)+$O59,"")} -> 1972 | E59: 205 | F59: 569 | G59: 605 | H59: 1709 | I59: 1174 | J59: 1960 | K59: 427 | N59: 385 | O59: 100 | Q59: 12 отв. ø16 | R59: 1000 | S59: 800 | T59: 860 | U59: 550 | V59: =IFERROR(__xludf.DUMMYFUNCTION("IFERROR(REGEXEXTRACT(A59,""G2-B-(\d+)""),"""")"),"100") -> 100 | W59: =IF(OR(X59="", Y59=""), "", X59+Y59) -> 2 | X59: =IFERROR(__xludf.DUMMYFUNCTION("IFERROR(VALUE(REGEXEXTRACT(A59,""\b(\d+)/\d+\b"")),"""")"),1.0) -> 1 | Y59: =IFERROR(__xludf.DUMMYFUNCTION("IFERROR(VALUE(REGEXEXTRACT(A59,""\b\d+/(\d+)\b"")),"""") "),1.0) -> 1 | Z59: {=IFERROR(INDEX(CRV!BU:BU, MATCH(B59, CRV!A:A, 0)), "")} -> 22 | AA59: {=IFERROR(INDEX(CRV!BV:BV, MATCH(B59, CRV!A:A, 0))*X59+4.5*2+7, "")} -> 56.5 | AB59: {=IFERROR(IF(VALUE(XLOOKUP($B59,CRV!$A:$A,CRV!$BU:$BU))<=5.5,"прямой пуск (DOL)","звезда-треугольник (SD)"),"")} -> звезда-треугольник (SD) | AC59: {=IFERROR(INDEX(CRV!CA:CA, MATCH(B59, CRV!A:A, 0)), "")} -> HQQE | AD59: {=IFERROR(AD58-W59*XLOOKUP($B58,CRV!$A:$A,CRV!$BY:$BY)+W59*XLOOKUP($B59,CRV!$A:$A,CRV!$BY:$BY),"ошибка")} -> 730 | AE59: При заказе
A60: Hydro-FS-A 1/1 CRV 32-12-2 G2-B-100-25 | B60: =IFERROR(__xludf.DUMMYFUNCTION("IFERROR(IF(REGEXMATCH(REGEXEXTRACT(A60,""\bCRV\s*\d+(?:-\d+)+(?:-(?:A?BI|AI|BI))?\b""),""-(?:A?BI|AI|BI)$""),REGEXREPLACE(REGEXEXTRACT(A60,""\bCRV\s*\d+(?:-\d+)+(?:-(?:A?BI|AI|BI))?\b""),""-(A?BI|AI|BI)$"",""C$1""),REGEXEXTRACT(A60,""\bCRV\s*\d+(?:-\d+)+("&"?:-(?:A?BI|AI|BI))?\b"")&""C""),"""")"),"CRV 32-12-2C") -> CRV 32-12-2C | C60: 1650 | D60: {=IFERROR(XLOOKUP($B60,CRV!$A:$A,CRV!$BA:$BA)+XLOOKUP($B60,CRV!$A:$A,CRV!$BB:$BB)+$O60,"")} -> 2042 | E60: 205 | F60: 569 | G60: 605 | H60: 1709 | I60: 1174 | J60: 1960 | K60: 427 | N60: 385 | O60: 100 | Q60: 12 отв. ø16 | R60: 1000 | S60: 800 | T60: 860 | U60: 550 | V60: =IFERROR(__xludf.DUMMYFUNCTION("IFERROR(REGEXEXTRACT(A60,""G2-B-(\d+)""),"""")"),"100") -> 100 | W60: =IF(OR(X60="", Y60=""), "", X60+Y60) -> 2 | X60: =IFERROR(__xludf.DUMMYFUNCTION("IFERROR(VALUE(REGEXEXTRACT(A60,""\b(\d+)/\d+\b"")),"""")"),1.0) -> 1 | Y60: =IFERROR(__xludf.DUMMYFUNCTION("IFERROR(VALUE(REGEXEXTRACT(A60,""\b\d+/(\d+)\b"")),"""") "),1.0) -> 1 | Z60: {=IFERROR(INDEX(CRV!BU:BU, MATCH(B60, CRV!A:A, 0)), "")} -> 22 | AA60: {=IFERROR(INDEX(CRV!BV:BV, MATCH(B60, CRV!A:A, 0))*X60+4.5*2+7, "")} -> 56.5 | AB60: {=IFERROR(IF(VALUE(XLOOKUP($B60,CRV!$A:$A,CRV!$BU:$BU))<=5.5,"прямой пуск (DOL)","звезда-треугольник (SD)"),"")} -> звезда-треугольник (SD) | AC60: {=IFERROR(INDEX(CRV!CA:CA, MATCH(B60, CRV!A:A, 0)), "")} -> HQQE | AD60: {=IFERROR(AD59-W60*XLOOKUP($B59,CRV!$A:$A,CRV!$BY:$BY)+W60*XLOOKUP($B60,CRV!$A:$A,CRV!$BY:$BY),"ошибка")} -> 736 | AE60: При заказе
A61: Hydro-FS-A 1/1 CRV 32-12 G2-B-100-25 | B61: =IFERROR(__xludf.DUMMYFUNCTION("IFERROR(IF(REGEXMATCH(REGEXEXTRACT(A61,""\bCRV\s*\d+(?:-\d+)+(?:-(?:A?BI|AI|BI))?\b""),""-(?:A?BI|AI|BI)$""),REGEXREPLACE(REGEXEXTRACT(A61,""\bCRV\s*\d+(?:-\d+)+(?:-(?:A?BI|AI|BI))?\b""),""-(A?BI|AI|BI)$"",""C$1""),REGEXEXTRACT(A61,""\bCRV\s*\d+(?:-\d+)+("&"?:-(?:A?BI|AI|BI))?\b"")&""C""),"""")"),"CRV 32-12C") -> CRV 32-12C | C61: 1650 | D61: {=IFERROR(XLOOKUP($B61,CRV!$A:$A,CRV!$BA:$BA)+XLOOKUP($B61,CRV!$A:$A,CRV!$BB:$BB)+$O61,"")} -> 2042 | E61: 205 | F61: 569 | G61: 605 | H61: 1709 | I61: 1174 | J61: 1960 | K61: 427 | N61: 385 | O61: 100 | Q61: 12 отв. ø16 | R61: 1000 | S61: 800 | T61: 860 | U61: 550 | V61: =IFERROR(__xludf.DUMMYFUNCTION("IFERROR(REGEXEXTRACT(A61,""G2-B-(\d+)""),"""")"),"100") -> 100 | W61: =IF(OR(X61="", Y61=""), "", X61+Y61) -> 2 | X61: =IFERROR(__xludf.DUMMYFUNCTION("IFERROR(VALUE(REGEXEXTRACT(A61,""\b(\d+)/\d+\b"")),"""")"),1.0) -> 1 | Y61: =IFERROR(__xludf.DUMMYFUNCTION("IFERROR(VALUE(REGEXEXTRACT(A61,""\b\d+/(\d+)\b"")),"""") "),1.0) -> 1 | Z61: {=IFERROR(INDEX(CRV!BU:BU, MATCH(B61, CRV!A:A, 0)), "")} -> 22 | AA61: {=IFERROR(INDEX(CRV!BV:BV, MATCH(B61, CRV!A:A, 0))*X61+4.5*2+7, "")} -> 56.5 | AB61: {=IFERROR(IF(VALUE(XLOOKUP($B61,CRV!$A:$A,CRV!$BU:$BU))<=5.5,"прямой пуск (DOL)","звезда-треугольник (SD)"),"")} -> звезда-треугольник (SD) | AC61: {=IFERROR(INDEX(CRV!CA:CA, MATCH(B61, CRV!A:A, 0)), "")} -> HQQE | AD61: {=IFERROR(AD60-W61*XLOOKUP($B60,CRV!$A:$A,CRV!$BY:$BY)+W61*XLOOKUP($B61,CRV!$A:$A,CRV!$BY:$BY),"ошибка")} -> 736 | AE61: При заказе
A62: Hydro-FS-A 1/1 CRV 32-13-2 G2-B-100-25 | B62: =IFERROR(__xludf.DUMMYFUNCTION("IFERROR(IF(REGEXMATCH(REGEXEXTRACT(A62,""\bCRV\s*\d+(?:-\d+)+(?:-(?:A?BI|AI|BI))?\b""),""-(?:A?BI|AI|BI)$""),REGEXREPLACE(REGEXEXTRACT(A62,""\bCRV\s*\d+(?:-\d+)+(?:-(?:A?BI|AI|BI))?\b""),""-(A?BI|AI|BI)$"",""C$1""),REGEXEXTRACT(A62,""\bCRV\s*\d+(?:-\d+)+("&"?:-(?:A?BI|AI|BI))?\b"")&""C""),"""")"),"CRV 32-13-2C") -> CRV 32-13-2C | C62: 1650 | D62: {=IFERROR(XLOOKUP($B62,CRV!$A:$A,CRV!$BA:$BA)+XLOOKUP($B62,CRV!$A:$A,CRV!$BB:$BB)+$O62,"")} -> 2185 | E62: 205 | F62: 569 | G62: 605 | H62: 1709 | I62: 1174 | J62: 1960 | K62: 427 | N62: 385 | O62: 100 | Q62: 12 отв. ø16 | R62: 1000 | S62: 800 | T62: 860 | U62: 550 | V62: =IFERROR(__xludf.DUMMYFUNCTION("IFERROR(REGEXEXTRACT(A62,""G2-B-(\d+)""),"""")"),"100") -> 100 | W62: =IF(OR(X62="", Y62=""), "", X62+Y62) -> 2 | X62: =IFERROR(__xludf.DUMMYFUNCTION("IFERROR(VALUE(REGEXEXTRACT(A62,""\b(\d+)/\d+\b"")),"""")"),1.0) -> 1 | Y62: =IFERROR(__xludf.DUMMYFUNCTION("IFERROR(VALUE(REGEXEXTRACT(A62,""\b\d+/(\d+)\b"")),"""") "),1.0) -> 1 | Z62: {=IFERROR(INDEX(CRV!BU:BU, MATCH(B62, CRV!A:A, 0)), "")} -> 30 | AA62: {=IFERROR(INDEX(CRV!BV:BV, MATCH(B62, CRV!A:A, 0))*X62+4.5*2+7, "")} -> 70.9 | AB62: {=IFERROR(IF(VALUE(XLOOKUP($B62,CRV!$A:$A,CRV!$BU:$BU))<=5.5,"прямой пуск (DOL)","звезда-треугольник (SD)"),"")} -> звезда-треугольник (SD) | AC62: {=IFERROR(INDEX(CRV!CA:CA, MATCH(B62, CRV!A:A, 0)), "")} -> HQQE | AD62: {=IFERROR(AD61-W62*XLOOKUP($B61,CRV!$A:$A,CRV!$BY:$BY)+W62*XLOOKUP($B62,CRV!$A:$A,CRV!$BY:$BY),"ошибка")} -> 866 | AE62: При заказе
A63: Hydro-FS-A 1/1 CRV 32-13 G2-B-100-25 | B63: =IFERROR(__xludf.DUMMYFUNCTION("IFERROR(IF(REGEXMATCH(REGEXEXTRACT(A63,""\bCRV\s*\d+(?:-\d+)+(?:-(?:A?BI|AI|BI))?\b""),""-(?:A?BI|AI|BI)$""),REGEXREPLACE(REGEXEXTRACT(A63,""\bCRV\s*\d+(?:-\d+)+(?:-(?:A?BI|AI|BI))?\b""),""-(A?BI|AI|BI)$"",""C$1""),REGEXEXTRACT(A63,""\bCRV\s*\d+(?:-\d+)+("&"?:-(?:A?BI|AI|BI))?\b"")&""C""),"""")"),"CRV 32-13C") -> CRV 32-13C | C63: 1650 | D63: {=IFERROR(XLOOKUP($B63,CRV!$A:$A,CRV!$BA:$BA)+XLOOKUP($B63,CRV!$A:$A,CRV!$BB:$BB)+$O63,"")} -> 2185 | E63: 205 | F63: 569 | G63: 605 | H63: 1709 | I63: 1174 | J63: 1960 | K63: 427 | N63: 385 | O63: 100 | Q63: 12 отв. ø16 | R63: 1000 | S63: 800 | T63: 860 | U63: 550 | V63: =IFERROR(__xludf.DUMMYFUNCTION("IFERROR(REGEXEXTRACT(A63,""G2-B-(\d+)""),"""")"),"100") -> 100 | W63: =IF(OR(X63="", Y63=""), "", X63+Y63) -> 2 | X63: =IFERROR(__xludf.DUMMYFUNCTION("IFERROR(VALUE(REGEXEXTRACT(A63,""\b(\d+)/\d+\b"")),"""")"),1.0) -> 1 | Y63: =IFERROR(__xludf.DUMMYFUNCTION("IFERROR(VALUE(REGEXEXTRACT(A63,""\b\d+/(\d+)\b"")),"""") "),1.0) -> 1 | Z63: {=IFERROR(INDEX(CRV!BU:BU, MATCH(B63, CRV!A:A, 0)), "")} -> 30 | AA63: {=IFERROR(INDEX(CRV!BV:BV, MATCH(B63, CRV!A:A, 0))*X63+4.5*2+7, "")} -> 70.9 | AB63: {=IFERROR(IF(VALUE(XLOOKUP($B63,CRV!$A:$A,CRV!$BU:$BU))<=5.5,"прямой пуск (DOL)","звезда-треугольник (SD)"),"")} -> звезда-треугольник (SD) | AC63: {=IFERROR(INDEX(CRV!CA:CA, MATCH(B63, CRV!A:A, 0)), "")} -> HQQE | AD63: {=IFERROR(AD62-W63*XLOOKUP($B62,CRV!$A:$A,CRV!$BY:$BY)+W63*XLOOKUP($B63,CRV!$A:$A,CRV!$BY:$BY),"ошибка")} -> 866 | AE63: При заказе
A64: Hydro-FS-A 1/1 CRV 32-14-2 G2-B-100-25 | B64: =IFERROR(__xludf.DUMMYFUNCTION("IFERROR(IF(REGEXMATCH(REGEXEXTRACT(A64,""\bCRV\s*\d+(?:-\d+)+(?:-(?:A?BI|AI|BI))?\b""),""-(?:A?BI|AI|BI)$""),REGEXREPLACE(REGEXEXTRACT(A64,""\bCRV\s*\d+(?:-\d+)+(?:-(?:A?BI|AI|BI))?\b""),""-(A?BI|AI|BI)$"",""C$1""),REGEXEXTRACT(A64,""\bCRV\s*\d+(?:-\d+)+("&"?:-(?:A?BI|AI|BI))?\b"")&""C""),"""")"),"CRV 32-14-2C") -> CRV 32-14-2C | C64: 1650 | D64: {=IFERROR(XLOOKUP($B64,CRV!$A:$A,CRV!$BA:$BA)+XLOOKUP($B64,CRV!$A:$A,CRV!$BB:$BB)+$O64,"")} -> 2255 | E64: 205 | F64: 569 | G64: 605 | H64: 1709 | I64: 1174 | J64: 1960 | K64: 427 | N64: 385 | O64: 100 | Q64: 12 отв. ø16 | R64: 1000 | S64: 800 | T64: 860 | U64: 550 | V64: =IFERROR(__xludf.DUMMYFUNCTION("IFERROR(REGEXEXTRACT(A64,""G2-B-(\d+)""),"""")"),"100") -> 100 | W64: =IF(OR(X64="", Y64=""), "", X64+Y64) -> 2 | X64: =IFERROR(__xludf.DUMMYFUNCTION("IFERROR(VALUE(REGEXEXTRACT(A64,""\b(\d+)/\d+\b"")),"""")"),1.0) -> 1 | Y64: =IFERROR(__xludf.DUMMYFUNCTION("IFERROR(VALUE(REGEXEXTRACT(A64,""\b\d+/(\d+)\b"")),"""") "),1.0) -> 1 | Z64: {=IFERROR(INDEX(CRV!BU:BU, MATCH(B64, CRV!A:A, 0)), "")} -> 30 | AA64: {=IFERROR(INDEX(CRV!BV:BV, MATCH(B64, CRV!A:A, 0))*X64+4.5*2+7, "")} -> 70.9 | AB64: {=IFERROR(IF(VALUE(XLOOKUP($B64,CRV!$A:$A,CRV!$BU:$BU))<=5.5,"прямой пуск (DOL)","звезда-треугольник (SD)"),"")} -> звезда-треугольник (SD) | AC64: {=IFERROR(INDEX(CRV!CA:CA, MATCH(B64, CRV!A:A, 0)), "")} -> HQQE | AD64: {=IFERROR(AD63-W64*XLOOKUP($B63,CRV!$A:$A,CRV!$BY:$BY)+W64*XLOOKUP($B64,CRV!$A:$A,CRV!$BY:$BY),"ошибка")} -> 874 | AE64: При заказе
A65: Hydro-FS-A 1/1 CRV 32-14 G2-B-100-25 | B65: =IFERROR(__xludf.DUMMYFUNCTION("IFERROR(IF(REGEXMATCH(REGEXEXTRACT(A65,""\bCRV\s*\d+(?:-\d+)+(?:-(?:A?BI|AI|BI))?\b""),""-(?:A?BI|AI|BI)$""),REGEXREPLACE(REGEXEXTRACT(A65,""\bCRV\s*\d+(?:-\d+)+(?:-(?:A?BI|AI|BI))?\b""),""-(A?BI|AI|BI)$"",""C$1""),REGEXEXTRACT(A65,""\bCRV\s*\d+(?:-\d+)+("&"?:-(?:A?BI|AI|BI))?\b"")&""C""),"""")"),"CRV 32-14C") -> CRV 32-14C | C65: 1650 | D65: {=IFERROR(XLOOKUP($B65,CRV!$A:$A,CRV!$BA:$BA)+XLOOKUP($B65,CRV!$A:$A,CRV!$BB:$BB)+$O65,"")} -> 2255 | E65: 205 | F65: 569 | G65: 605 | H65: 1709 | I65: 1174 | J65: 1960 | K65: 427 | N65: 385 | O65: 100 | Q65: 12 отв. ø16 | R65: 1000 | S65: 800 | T65: 860 | U65: 550 | V65: =IFERROR(__xludf.DUMMYFUNCTION("IFERROR(REGEXEXTRACT(A65,""G2-B-(\d+)""),"""")"),"100") -> 100 | W65: =IF(OR(X65="", Y65=""), "", X65+Y65) -> 2 | X65: =IFERROR(__xludf.DUMMYFUNCTION("IFERROR(VALUE(REGEXEXTRACT(A65,""\b(\d+)/\d+\b"")),"""")"),1.0) -> 1 | Y65: =IFERROR(__xludf.DUMMYFUNCTION("IFERROR(VALUE(REGEXEXTRACT(A65,""\b\d+/(\d+)\b"")),"""") "),1.0) -> 1 | Z65: {=IFERROR(INDEX(CRV!BU:BU, MATCH(B65, CRV!A:A, 0)), "")} -> 30 | AA65: {=IFERROR(INDEX(CRV!BV:BV, MATCH(B65, CRV!A:A, 0))*X65+4.5*2+7, "")} -> 70.9 | AB65: {=IFERROR(IF(VALUE(XLOOKUP($B65,CRV!$A:$A,CRV!$BU:$BU))<=5.5,"прямой пуск (DOL)","звезда-треугольник (SD)"),"")} -> звезда-треугольник (SD) | AC65: {=IFERROR(INDEX(CRV!CA:CA, MATCH(B65, CRV!A:A, 0)), "")} -> HQQE | AD65: {=IFERROR(AD64-W65*XLOOKUP($B64,CRV!$A:$A,CRV!$BY:$BY)+W65*XLOOKUP($B65,CRV!$A:$A,CRV!$BY:$BY),"ошибка")} -> 874 | AE65: При заказе
B66: =IFERROR(__xludf.DUMMYFUNCTION("IFERROR(IF(REGEXMATCH(REGEXEXTRACT(A66,""\bCRV\s*\d+(?:-\d+)+(?:-(?:A?BI|AI|BI))?\b""),""-(?:A?BI|AI|BI)$""),REGEXREPLACE(REGEXEXTRACT(A66,""\bCRV\s*\d+(?:-\d+)+(?:-(?:A?BI|AI|BI))?\b""),""-(A?BI|AI|BI)$"",""C$1""),REGEXEXTRACT(A66,""\bCRV\s*\d+(?:-\d+)+("&"?:-(?:A?BI|AI|BI))?\b"")&""C""),"""")"),"") | V66: =IFERROR(__xludf.DUMMYFUNCTION("IFERROR(REGEXEXTRACT(A66,""G2-B-(\d+)""),"""")"),"") | W66: =IF(OR(X66="", Y66=""), "", X66+Y66) | X66: =IFERROR(__xludf.DUMMYFUNCTION("IFERROR(VALUE(REGEXEXTRACT(A66,""\b(\d+)/\d+\b"")),"""")"),"") | Z66: {=IFERROR(INDEX(CRV!BU:BU, MATCH(B66, CRV!A:A, 0)), "")} | AA66: {=IFERROR(INDEX(CRV!BV:BV, MATCH(B66, CRV!A:A, 0))*X66+4.5*2+7, "")} | AC66: {=IFERROR(INDEX(CRV!CA:CA, MATCH(B66, CRV!A:A, 0)), "")}
A67: Hydro-FS-A 1/1 CRV 45-1 G2-B-150-16 | B67: =IFERROR(__xludf.DUMMYFUNCTION("IFERROR(IF(REGEXMATCH(REGEXEXTRACT(A67,""\bCRV\s*\d+(?:-\d+)+(?:-(?:A?BI|AI|BI))?\b""),""-(?:A?BI|AI|BI)$""),REGEXREPLACE(REGEXEXTRACT(A67,""\bCRV\s*\d+(?:-\d+)+(?:-(?:A?BI|AI|BI))?\b""),""-(A?BI|AI|BI)$"",""C$1""),REGEXEXTRACT(A67,""\bCRV\s*\d+(?:-\d+)+("&"?:-(?:A?BI|AI|BI))?\b"")&""C""),"""")"),"CRV 45-1C") -> CRV 45-1C | C67: 1650 | D67: 1033 | E67: 370 | F67: 686 | G67: 621 | H67: 1888 | I67: 1307 | J67: 1921 | K67: 1684 | L67: 548 | M67: 588 | N67: 1644 | O67: 150 | Q67: 12 отв. ø16 | R67: 1000 | S67: 800 | T67: 821 | U67: 550 | V67: =IFERROR(__xludf.DUMMYFUNCTION("IFERROR(REGEXEXTRACT(A67,""G2-B-(\d+)""),"""")"),"150") -> 150 | W67: =IF(OR(X67="", Y67=""), "", X67+Y67) -> 2 | X67: =IFERROR(__xludf.DUMMYFUNCTION("IFERROR(VALUE(REGEXEXTRACT(A67,""\b(\d+)/\d+\b"")),"""")"),1.0) -> 1 | Y67: =IFERROR(__xludf.DUMMYFUNCTION("IFERROR(VALUE(REGEXEXTRACT(A67,""\b\d+/(\d+)\b"")),"""") "),1.0) -> 1 | Z67: {=IFERROR(INDEX(CRV!BU:BU, MATCH(B67, CRV!A:A, 0)), "")} -> 4 | AA67: {=IFERROR(INDEX(CRV!BV:BV, MATCH(B67, CRV!A:A, 0))*X67+4.5*2+7, "")} -> 23.8 | AB67: {=IFERROR(IF(VALUE(XLOOKUP($B67,CRV!$A:$A,CRV!$BU:$BU))<=5.5,"прямой пуск (DOL)","звезда-треугольник (SD)"),"")} -> прямой пуск (DOL) | AC67: {=IFERROR(INDEX(CRV!CA:CA, MATCH(B67, CRV!A:A, 0)), "")} -> HQQE | AD67: 445 | AE67: 75211411
A68: Hydro-FS-A 1/1 CRV 45-2-2 G2-B-150-16 | B68: =IFERROR(__xludf.DUMMYFUNCTION("IFERROR(IF(REGEXMATCH(REGEXEXTRACT(A68,""\bCRV\s*\d+(?:-\d+)+(?:-(?:A?BI|AI|BI))?\b""),""-(?:A?BI|AI|BI)$""),REGEXREPLACE(REGEXEXTRACT(A68,""\bCRV\s*\d+(?:-\d+)+(?:-(?:A?BI|AI|BI))?\b""),""-(A?BI|AI|BI)$"",""C$1""),REGEXEXTRACT(A68,""\bCRV\s*\d+(?:-\d+)+("&"?:-(?:A?BI|AI|BI))?\b"")&""C""),"""")"),"CRV 45-2-2C") -> CRV 45-2-2C | C68: 1650 | D68: 1277 | E68: 370 | F68: 686 | G68: 621 | H68: 1888 | I68: 1307 | J68: 1921 | K68: 1684 | L68: 548 | M68: 588 | N68: 1644 | O68: 150 | Q68: 12 отв. ø16 | R68: 1000 | S68: 800 | T68: 821 | U68: 550 | V68: =IFERROR(__xludf.DUMMYFUNCTION("IFERROR(REGEXEXTRACT(A68,""G2-B-(\d+)""),"""")"),"150") -> 150 | W68: =IF(OR(X68="", Y68=""), "", X68+Y68) -> 2 | X68: =IFERROR(__xludf.DUMMYFUNCTION("IFERROR(VALUE(REGEXEXTRACT(A68,""\b(\d+)/\d+\b"")),"""")"),1.0) -> 1 | Y68: =IFERROR(__xludf.DUMMYFUNCTION("IFERROR(VALUE(REGEXEXTRACT(A68,""\b\d+/(\d+)\b"")),"""") "),1.0) -> 1 | Z68: {=IFERROR(INDEX(CRV!BU:BU, MATCH(B68, CRV!A:A, 0)), "")} -> 5.5 | AA68: {=IFERROR(INDEX(CRV!BV:BV, MATCH(B68, CRV!A:A, 0))*X68+4.5*2+7, "")} -> 26.6 | AB68: {=IFERROR(IF(VALUE(XLOOKUP($B68,CRV!$A:$A,CRV!$BU:$BU))<=5.5,"прямой пуск (DOL)","звезда-треугольник (SD)"),"")} -> прямой пуск (DOL) | AC68: {=IFERROR(INDEX(CRV!CA:CA, MATCH(B68, CRV!A:A, 0)), "")} -> HQQE | AD68: 465 | AE68: 75211412
A69: Hydro-FS-A 1/1 CRV 45-2 G2-B-150-16 | B69: =IFERROR(__xludf.DUMMYFUNCTION("IFERROR(IF(REGEXMATCH(REGEXEXTRACT(A69,""\bCRV\s*\d+(?:-\d+)+(?:-(?:A?BI|AI|BI))?\b""),""-(?:A?BI|AI|BI)$""),REGEXREPLACE(REGEXEXTRACT(A69,""\bCRV\s*\d+(?:-\d+)+(?:-(?:A?BI|AI|BI))?\b""),""-(A?BI|AI|BI)$"",""C$1""),REGEXEXTRACT(A69,""\bCRV\s*\d+(?:-\d+)+("&"?:-(?:A?BI|AI|BI))?\b"")&""C""),"""")"),"CRV 45-2C") -> CRV 45-2C | C69: 1650 | D69: 1315 | E69: 370 | F69: 686 | G69: 621 | H69: 1888 | I69: 1307 | J69: 1921 | K69: 1684 | L69: 548 | M69: 588 | N69: 1644 | O69: 150 | Q69: 12 отв. ø16 | R69: 1000 | S69: 800 | T69: 821 | U69: 550 | V69: =IFERROR(__xludf.DUMMYFUNCTION("IFERROR(REGEXEXTRACT(A69,""G2-B-(\d+)""),"""")"),"150") -> 150 | W69: =IF(OR(X69="", Y69=""), "", X69+Y69) -> 2 | X69: =IFERROR(__xludf.DUMMYFUNCTION("IFERROR(VALUE(REGEXEXTRACT(A69,""\b(\d+)/\d+\b"")),"""")"),1.0) -> 1 | Y69: =IFERROR(__xludf.DUMMYFUNCTION("IFERROR(VALUE(REGEXEXTRACT(A69,""\b\d+/(\d+)\b"")),"""") "),1.0) -> 1 | Z69: {=IFERROR(INDEX(CRV!BU:BU, MATCH(B69, CRV!A:A, 0)), "")} -> 7.5 | AA69: {=IFERROR(INDEX(CRV!BV:BV, MATCH(B69, CRV!A:A, 0))*X69+4.5*2+7, "")} -> 30.4 | AB69: {=IFERROR(IF(VALUE(XLOOKUP($B69,CRV!$A:$A,CRV!$BU:$BU))<=5.5,"прямой пуск (DOL)","звезда-треугольник (SD)"),"")} -> звезда-треугольник (SD) | AC69: {=IFERROR(INDEX(CRV!CA:CA, MATCH(B69, CRV!A:A, 0)), "")} -> HQQE | AD69: 475 | AE69: 75211413
A70: Hydro-FS-A 1/1 CRV 45-3-2 G2-B-150-16 | B70: =IFERROR(__xludf.DUMMYFUNCTION("IFERROR(IF(REGEXMATCH(REGEXEXTRACT(A70,""\bCRV\s*\d+(?:-\d+)+(?:-(?:A?BI|AI|BI))?\b""),""-(?:A?BI|AI|BI)$""),REGEXREPLACE(REGEXEXTRACT(A70,""\bCRV\s*\d+(?:-\d+)+(?:-(?:A?BI|AI|BI))?\b""),""-(A?BI|AI|BI)$"",""C$1""),REGEXEXTRACT(A70,""\bCRV\s*\d+(?:-\d+)+("&"?:-(?:A?BI|AI|BI))?\b"")&""C""),"""")"),"CRV 45-3-2C") -> CRV 45-3-2C | C70: 1650 | D70: 1484 | E70: 370 | F70: 686 | G70: 621 | H70: 1888 | I70: 1307 | J70: 1921 | K70: 1684 | L70: 548 | M70: 588 | N70: 1644 | O70: 150 | Q70: 12 отв. ø16 | R70: 1000 | S70: 800 | T70: 821 | U70: 550 | V70: =IFERROR(__xludf.DUMMYFUNCTION("IFERROR(REGEXEXTRACT(A70,""G2-B-(\d+)""),"""")"),"150") -> 150 | W70: =IF(OR(X70="", Y70=""), "", X70+Y70) -> 2 | X70: =IFERROR(__xludf.DUMMYFUNCTION("IFERROR(VALUE(REGEXEXTRACT(A70,""\b(\d+)/\d+\b"")),"""")"),1.0) -> 1 | Y70: =IFERROR(__xludf.DUMMYFUNCTION("IFERROR(VALUE(REGEXEXTRACT(A70,""\b\d+/(\d+)\b"")),"""") "),1.0) -> 1 | Z70: {=IFERROR(INDEX(CRV!BU:BU, MATCH(B70, CRV!A:A, 0)), "")} -> 11 | AA70: {=IFERROR(INDEX(CRV!BV:BV, MATCH(B70, CRV!A:A, 0))*X70+4.5*2+7, "")} -> 36.6 | AB70: {=IFERROR(IF(VALUE(XLOOKUP($B70,CRV!$A:$A,CRV!$BU:$BU))<=5.5,"прямой пуск (DOL)","звезда-треугольник (SD)"),"")} -> звезда-треугольник (SD) | AC70: {=IFERROR(INDEX(CRV!CA:CA, MATCH(B70, CRV!A:A, 0)), "")} -> HQQE | AD70: 615 | AE70: 75211414
A71: Hydro-FS-A 1/1 CRV 45-3 G2-B-150-16 | B71: =IFERROR(__xludf.DUMMYFUNCTION("IFERROR(IF(REGEXMATCH(REGEXEXTRACT(A71,""\bCRV\s*\d+(?:-\d+)+(?:-(?:A?BI|AI|BI))?\b""),""-(?:A?BI|AI|BI)$""),REGEXREPLACE(REGEXEXTRACT(A71,""\bCRV\s*\d+(?:-\d+)+(?:-(?:A?BI|AI|BI))?\b""),""-(A?BI|AI|BI)$"",""C$1""),REGEXEXTRACT(A71,""\bCRV\s*\d+(?:-\d+)+("&"?:-(?:A?BI|AI|BI))?\b"")&""C""),"""")"),"CRV 45-3C") -> CRV 45-3C | C71: 1650 | D71: 1484 | E71: 370 | F71: 686 | G71: 621 | H71: 1888 | I71: 1307 | J71: 1921 | K71: 1684 | L71: 548 | M71: 588 | N71: 1644 | O71: 150 | Q71: 12 отв. ø16 | R71: 1000 | S71: 800 | T71: 821 | U71: 550 | V71: =IFERROR(__xludf.DUMMYFUNCTION("IFERROR(REGEXEXTRACT(A71,""G2-B-(\d+)""),"""")"),"150") -> 150 | W71: =IF(OR(X71="", Y71=""), "", X71+Y71) -> 2 | X71: =IFERROR(__xludf.DUMMYFUNCTION("IFERROR(VALUE(REGEXEXTRACT(A71,""\b(\d+)/\d+\b"")),"""")"),1.0) -> 1 | Y71: =IFERROR(__xludf.DUMMYFUNCTION("IFERROR(VALUE(REGEXEXTRACT(A71,""\b\d+/(\d+)\b"")),"""") "),1.0) -> 1 | Z71: {=IFERROR(INDEX(CRV!BU:BU, MATCH(B71, CRV!A:A, 0)), "")} -> 11 | AA71: {=IFERROR(INDEX(CRV!BV:BV, MATCH(B71, CRV!A:A, 0))*X71+4.5*2+7, "")} -> 36.6 | AB71: {=IFERROR(IF(VALUE(XLOOKUP($B71,CRV!$A:$A,CRV!$BU:$BU))<=5.5,"прямой пуск (DOL)","звезда-треугольник (SD)"),"")} -> звезда-треугольник (SD) | AC71: {=IFERROR(INDEX(CRV!CA:CA, MATCH(B71, CRV!A:A, 0)), "")} -> HQQE | AD71: 615 | AE71: 75211415
A72: Hydro-FS-A 1/1 CRV 45-4 G2-B-150-16 | B72: =IFERROR(__xludf.DUMMYFUNCTION("IFERROR(IF(REGEXMATCH(REGEXEXTRACT(A72,""\bCRV\s*\d+(?:-\d+)+(?:-(?:A?BI|AI|BI))?\b""),""-(?:A?BI|AI|BI)$""),REGEXREPLACE(REGEXEXTRACT(A72,""\bCRV\s*\d+(?:-\d+)+(?:-(?:A?BI|AI|BI))?\b""),""-(A?BI|AI|BI)$"",""C$1""),REGEXEXTRACT(A72,""\bCRV\s*\d+(?:-\d+)+("&"?:-(?:A?BI|AI|BI))?\b"")&""C""),"""")"),"CRV 45-4C") -> CRV 45-4C | C72: 1650 | D72: 1605 | E72: 370 | F72: 686 | G72: 621 | H72: 1888 | I72: 1307 | J72: 1921 | K72: 1684 | L72: 548 | M72: 588 | N72: 1644 | O72: 150 | Q72: 12 отв. ø16 | R72: 1000 | S72: 800 | T72: 821 | U72: 550 | V72: =IFERROR(__xludf.DUMMYFUNCTION("IFERROR(REGEXEXTRACT(A72,""G2-B-(\d+)""),"""")"),"150") -> 150 | W72: =IF(OR(X72="", Y72=""), "", X72+Y72) -> 2 | X72: =IFERROR(__xludf.DUMMYFUNCTION("IFERROR(VALUE(REGEXEXTRACT(A72,""\b(\d+)/\d+\b"")),"""")"),1.0) -> 1 | Y72: =IFERROR(__xludf.DUMMYFUNCTION("IFERROR(VALUE(REGEXEXTRACT(A72,""\b\d+/(\d+)\b"")),"""") "),1.0) -> 1 | Z72: {=IFERROR(INDEX(CRV!BU:BU, MATCH(B72, CRV!A:A, 0)), "")} -> 15 | AA72: {=IFERROR(INDEX(CRV!BV:BV, MATCH(B72, CRV!A:A, 0))*X72+4.5*2+7, "")} -> 43.9 | AB72: {=IFERROR(IF(VALUE(XLOOKUP($B72,CRV!$A:$A,CRV!$BU:$BU))<=5.5,"прямой пуск (DOL)","звезда-треугольник (SD)"),"")} -> звезда-треугольник (SD) | AC72: {=IFERROR(INDEX(CRV!CA:CA, MATCH(B72, CRV!A:A, 0)), "")} -> HQQE | AD72: 639 | AE72: 75211416
A73: Hydro-FS-A 1/1 CRV 45-5 G2-B-150-16 | B73: =IFERROR(__xludf.DUMMYFUNCTION("IFERROR(IF(REGEXMATCH(REGEXEXTRACT(A73,""\bCRV\s*\d+(?:-\d+)+(?:-(?:A?BI|AI|BI))?\b""),""-(?:A?BI|AI|BI)$""),REGEXREPLACE(REGEXEXTRACT(A73,""\bCRV\s*\d+(?:-\d+)+(?:-(?:A?BI|AI|BI))?\b""),""-(A?BI|AI|BI)$"",""C$1""),REGEXEXTRACT(A73,""\bCRV\s*\d+(?:-\d+)+("&"?:-(?:A?BI|AI|BI))?\b"")&""C""),"""")"),"CRV 45-5C") -> CRV 45-5C | C73: 1650 | D73: 1738 | E73: 370 | F73: 686 | G73: 621 | H73: 1888 | I73: 1307 | J73: 1921 | K73: 1684 | L73: 548 | M73: 588 | N73: 1644 | O73: 150 | Q73: 12 отв. ø16 | R73: 1000 | S73: 800 | T73: 821 | U73: 550 | V73: =IFERROR(__xludf.DUMMYFUNCTION("IFERROR(REGEXEXTRACT(A73,""G2-B-(\d+)""),"""")"),"150") -> 150 | W73: =IF(OR(X73="", Y73=""), "", X73+Y73) -> 2 | X73: =IFERROR(__xludf.DUMMYFUNCTION("IFERROR(VALUE(REGEXEXTRACT(A73,""\b(\d+)/\d+\b"")),"""")"),1.0) -> 1 | Y73: =IFERROR(__xludf.DUMMYFUNCTION("IFERROR(VALUE(REGEXEXTRACT(A73,""\b\d+/(\d+)\b"")),"""") "),1.0) -> 1 | Z73: {=IFERROR(INDEX(CRV!BU:BU, MATCH(B73, CRV!A:A, 0)), "")} -> 18.5 | AA73: {=IFERROR(INDEX(CRV!BV:BV, MATCH(B73, CRV!A:A, 0))*X73+4.5*2+7, "")} -> 50.2 | AB73: {=IFERROR(IF(VALUE(XLOOKUP($B73,CRV!$A:$A,CRV!$BU:$BU))<=5.5,"прямой пуск (DOL)","звезда-треугольник (SD)"),"")} -> звезда-треугольник (SD) | AC73: {=IFERROR(INDEX(CRV!CA:CA, MATCH(B73, CRV!A:A, 0)), "")} -> HQQE | AD73: 681 | AE73: 75211417
A74: Hydro-FS-A 1/1 CRV 45-6-2 G2-B-100-16 | B74: =IFERROR(__xludf.DUMMYFUNCTION("IFERROR(IF(REGEXMATCH(REGEXEXTRACT(A74,""\bCRV\s*\d+(?:-\d+)+(?:-(?:A?BI|AI|BI))?\b""),""-(?:A?BI|AI|BI)$""),REGEXREPLACE(REGEXEXTRACT(A74,""\bCRV\s*\d+(?:-\d+)+(?:-(?:A?BI|AI|BI))?\b""),""-(A?BI|AI|BI)$"",""C$1""),REGEXEXTRACT(A74,""\bCRV\s*\d+(?:-\d+)+("&"?:-(?:A?BI|AI|BI))?\b"")&""C""),"""")"),"CRV 45-6-2C") -> CRV 45-6-2C | C74: 1650 | D74: {=IFERROR(D73-(INDEX(CRV!$BA:$BA,MATCH(B73,CRV!$A:$A,0))+INDEX(CRV!$BB:$BB,MATCH(B73,CRV!$A:$A,0)))+(INDEX(CRV!$BA:$BA,MATCH(B74,CRV!$A:$A,0))+INDEX(CRV!$BB:$BB,MATCH(B74,CRV!$A:$A,0))),"")} -> 1856 | E74: 370 | F74: 686 | G74: 621 | H74: 1888 | I74: 1307 | J74: 1921 | K74: 1684 | L74: 548 | M74: 588 | N74: 1644 | O74: 150 | Q74: 12 отв. ø16 | R74: 1000 | S74: 800 | T74: 821 | U74: 550 | V74: =IFERROR(__xludf.DUMMYFUNCTION("IFERROR(REGEXEXTRACT(A74,""G2-B-(\d+)""),"""")"),"100") -> 100 | W74: =IF(OR(X74="", Y74=""), "", X74+Y74) -> 2 | X74: =IFERROR(__xludf.DUMMYFUNCTION("IFERROR(VALUE(REGEXEXTRACT(A74,""\b(\d+)/\d+\b"")),"""")"),1.0) -> 1 | Y74: =IFERROR(__xludf.DUMMYFUNCTION("IFERROR(VALUE(REGEXEXTRACT(A74,""\b\d+/(\d+)\b"")),"""") "),1.0) -> 1 | Z74: {=IFERROR(INDEX(CRV!BU:BU, MATCH(B74, CRV!A:A, 0)), "")} -> 22 | AA74: {=IFERROR(INDEX(CRV!BV:BV, MATCH(B74, CRV!A:A, 0))*X74+4.5*2+7, "")} -> 56.5 | AB74: {=IFERROR(IF(VALUE(XLOOKUP($B74,CRV!$A:$A,CRV!$BU:$BU))<=5.5,"прямой пуск (DOL)","звезда-треугольник (SD)"),"")} -> звезда-треугольник (SD) | AC74: {=IFERROR(INDEX(CRV!CA:CA, MATCH(B74, CRV!A:A, 0)), "")} -> HQQE | AD74: {=IFERROR(AD73-W74*XLOOKUP($B73,CRV!$A:$A,CRV!$BY:$BY)+W74*XLOOKUP($B74,CRV!$A:$A,CRV!$BY:$BY),"ошибка")} -> 767 | AE74: При заказе
A75: Hydro-FS-A 1/1 CRV 45-6 G2-B-100-25 | B75: =IFERROR(__xludf.DUMMYFUNCTION("IFERROR(IF(REGEXMATCH(REGEXEXTRACT(A75,""\bCRV\s*\d+(?:-\d+)+(?:-(?:A?BI|AI|BI))?\b""),""-(?:A?BI|AI|BI)$""),REGEXREPLACE(REGEXEXTRACT(A75,""\bCRV\s*\d+(?:-\d+)+(?:-(?:A?BI|AI|BI))?\b""),""-(A?BI|AI|BI)$"",""C$1""),REGEXEXTRACT(A75,""\bCRV\s*\d+(?:-\d+)+("&"?:-(?:A?BI|AI|BI))?\b"")&""C""),"""")"),"CRV 45-6C") -> CRV 45-6C | C75: 1650 | D75: {=IFERROR(D74-(INDEX(CRV!$BA:$BA,MATCH(B74,CRV!$A:$A,0))+INDEX(CRV!$BB:$BB,MATCH(B74,CRV!$A:$A,0)))+(INDEX(CRV!$BA:$BA,MATCH(B75,CRV!$A:$A,0))+INDEX(CRV!$BB:$BB,MATCH(B75,CRV!$A:$A,0))),"")} -> 1856 | E75: 370 | F75: 686 | G75: 621 | H75: 1888 | I75: 1307 | J75: 1921 | K75: 1684 | L75: 548 | M75: 588 | N75: 1644 | O75: 150 | Q75: 12 отв. ø16 | R75: 1000 | S75: 800 | T75: 821 | U75: 550 | V75: =IFERROR(__xludf.DUMMYFUNCTION("IFERROR(REGEXEXTRACT(A75,""G2-B-(\d+)""),"""")"),"100") -> 100 | W75: =IF(OR(X75="", Y75=""), "", X75+Y75) -> 2 | X75: =IFERROR(__xludf.DUMMYFUNCTION("IFERROR(VALUE(REGEXEXTRACT(A75,""\b(\d+)/\d+\b"")),"""")"),1.0) -> 1 | Y75: =IFERROR(__xludf.DUMMYFUNCTION("IFERROR(VALUE(REGEXEXTRACT(A75,""\b\d+/(\d+)\b"")),"""") "),1.0) -> 1 | Z75: {=IFERROR(INDEX(CRV!BU:BU, MATCH(B75, CRV!A:A, 0)), "")} -> 22 | AA75: {=IFERROR(INDEX(CRV!BV:BV, MATCH(B75, CRV!A:A, 0))*X75+4.5*2+7, "")} -> 56.5 | AB75: {=IFERROR(IF(VALUE(XLOOKUP($B75,CRV!$A:$A,CRV!$BU:$BU))<=5.5,"прямой пуск (DOL)","звезда-треугольник (SD)"),"")} -> звезда-треугольник (SD) | AC75: {=IFERROR(INDEX(CRV!CA:CA, MATCH(B75, CRV!A:A, 0)), "")} -> HQQE | AD75: {=IFERROR(AD74-W75*XLOOKUP($B74,CRV!$A:$A,CRV!$BY:$BY)+W75*XLOOKUP($B75,CRV!$A:$A,CRV!$BY:$BY),"ошибка")} -> 767 | AE75: При заказе
A76: Hydro-FS-A 1/1 CRV 45-7-2 G2-B-100-25 | B76: =IFERROR(__xludf.DUMMYFUNCTION("IFERROR(IF(REGEXMATCH(REGEXEXTRACT(A76,""\bCRV\s*\d+(?:-\d+)+(?:-(?:A?BI|AI|BI))?\b""),""-(?:A?BI|AI|BI)$""),REGEXREPLACE(REGEXEXTRACT(A76,""\bCRV\s*\d+(?:-\d+)+(?:-(?:A?BI|AI|BI))?\b""),""-(A?BI|AI|BI)$"",""C$1""),REGEXEXTRACT(A76,""\bCRV\s*\d+(?:-\d+)+("&"?:-(?:A?BI|AI|BI))?\b"")&""C""),"""")"),"CRV 45-7-2C") -> CRV 45-7-2C | C76: 1650 | D76: {=IFERROR(D75-(INDEX(CRV!$BA:$BA,MATCH(B75,CRV!$A:$A,0))+INDEX(CRV!$BB:$BB,MATCH(B75,CRV!$A:$A,0)))+(INDEX(CRV!$BA:$BA,MATCH(B76,CRV!$A:$A,0))+INDEX(CRV!$BB:$BB,MATCH(B76,CRV!$A:$A,0))),"")} -> 2009 | E76: 370 | F76: 686 | G76: 621 | H76: 1888 | I76: 1307 | J76: 1921 | K76: 1684 | L76: 548 | M76: 588 | N76: 1644 | O76: 150 | Q76: 12 отв. ø16 | R76: 1000 | S76: 800 | T76: 821 | U76: 550 | V76: =IFERROR(__xludf.DUMMYFUNCTION("IFERROR(REGEXEXTRACT(A76,""G2-B-(\d+)""),"""")"),"100") -> 100 | W76: =IF(OR(X76="", Y76=""), "", X76+Y76) -> 2 | X76: =IFERROR(__xludf.DUMMYFUNCTION("IFERROR(VALUE(REGEXEXTRACT(A76,""\b(\d+)/\d+\b"")),"""")"),1.0) -> 1 | Y76: =IFERROR(__xludf.DUMMYFUNCTION("IFERROR(VALUE(REGEXEXTRACT(A76,""\b\d+/(\d+)\b"")),"""") "),1.0) -> 1 | Z76: {=IFERROR(INDEX(CRV!BU:BU, MATCH(B76, CRV!A:A, 0)), "")} -> 30 | AA76: {=IFERROR(INDEX(CRV!BV:BV, MATCH(B76, CRV!A:A, 0))*X76+4.5*2+7, "")} -> 70.9 | AB76: {=IFERROR(IF(VALUE(XLOOKUP($B76,CRV!$A:$A,CRV!$BU:$BU))<=5.5,"прямой пуск (DOL)","звезда-треугольник (SD)"),"")} -> звезда-треугольник (SD) | AC76: {=IFERROR(INDEX(CRV!CA:CA, MATCH(B76, CRV!A:A, 0)), "")} -> HQQE | AD76: {=IFERROR(AD75-W76*XLOOKUP($B75,CRV!$A:$A,CRV!$BY:$BY)+W76*XLOOKUP($B76,CRV!$A:$A,CRV!$BY:$BY),"ошибка")} -> 891 | AE76: При заказе
A77: Hydro-FS-A 1/1 CRV 45-7 G2-B-100-25 | B77: =IFERROR(__xludf.DUMMYFUNCTION("IFERROR(IF(REGEXMATCH(REGEXEXTRACT(A77,""\bCRV\s*\d+(?:-\d+)+(?:-(?:A?BI|AI|BI))?\b""),""-(?:A?BI|AI|BI)$""),REGEXREPLACE(REGEXEXTRACT(A77,""\bCRV\s*\d+(?:-\d+)+(?:-(?:A?BI|AI|BI))?\b""),""-(A?BI|AI|BI)$"",""C$1""),REGEXEXTRACT(A77,""\bCRV\s*\d+(?:-\d+)+("&"?:-(?:A?BI|AI|BI))?\b"")&""C""),"""")"),"CRV 45-7C") -> CRV 45-7C | C77: 1650 | D77: {=IFERROR(D76-(INDEX(CRV!$BA:$BA,MATCH(B76,CRV!$A:$A,0))+INDEX(CRV!$BB:$BB,MATCH(B76,CRV!$A:$A,0)))+(INDEX(CRV!$BA:$BA,MATCH(B77,CRV!$A:$A,0))+INDEX(CRV!$BB:$BB,MATCH(B77,CRV!$A:$A,0))),"")} -> 2009 | E77: 370 | F77: 686 | G77: 621 | H77: 1888 | I77: 1307 | J77: 1921 | K77: 1684 | L77: 548 | M77: 588 | N77: 1644 | O77: 150 | Q77: 12 отв. ø16 | R77: 1000 | S77: 800 | T77: 821 | U77: 550 | V77: =IFERROR(__xludf.DUMMYFUNCTION("IFERROR(REGEXEXTRACT(A77,""G2-B-(\d+)""),"""")"),"100") -> 100 | W77: =IF(OR(X77="", Y77=""), "", X77+Y77) -> 2 | X77: =IFERROR(__xludf.DUMMYFUNCTION("IFERROR(VALUE(REGEXEXTRACT(A77,""\b(\d+)/\d+\b"")),"""")"),1.0) -> 1 | Y77: =IFERROR(__xludf.DUMMYFUNCTION("IFERROR(VALUE(REGEXEXTRACT(A77,""\b\d+/(\d+)\b"")),"""") "),1.0) -> 1 | Z77: {=IFERROR(INDEX(CRV!BU:BU, MATCH(B77, CRV!A:A, 0)), "")} -> 30 | AA77: {=IFERROR(INDEX(CRV!BV:BV, MATCH(B77, CRV!A:A, 0))*X77+4.5*2+7, "")} -> 70.9 | AB77: {=IFERROR(IF(VALUE(XLOOKUP($B77,CRV!$A:$A,CRV!$BU:$BU))<=5.5,"прямой пуск (DOL)","звезда-треугольник (SD)"),"")} -> звезда-треугольник (SD) | AC77: {=IFERROR(INDEX(CRV!CA:CA, MATCH(B77, CRV!A:A, 0)), "")} -> HQQE | AD77: {=IFERROR(AD76-W77*XLOOKUP($B76,CRV!$A:$A,CRV!$BY:$BY)+W77*XLOOKUP($B77,CRV!$A:$A,CRV!$BY:$BY),"ошибка")} -> 891 | AE77: При заказе
A78: Hydro-FS-A 1/1 CRV 45-8-2 G2-B-100-25 | B78: =IFERROR(__xludf.DUMMYFUNCTION("IFERROR(IF(REGEXMATCH(REGEXEXTRACT(A78,""\bCRV\s*\d+(?:-\d+)+(?:-(?:A?BI|AI|BI))?\b""),""-(?:A?BI|AI|BI)$""),REGEXREPLACE(REGEXEXTRACT(A78,""\bCRV\s*\d+(?:-\d+)+(?:-(?:A?BI|AI|BI))?\b""),""-(A?BI|AI|BI)$"",""C$1""),REGEXEXTRACT(A78,""\bCRV\s*\d+(?:-\d+)+("&"?:-(?:A?BI|AI|BI))?\b"")&""C""),"""")"),"CRV 45-8-2C") -> CRV 45-8-2C | C78: 1650 | D78: {=IFERROR(D77-(INDEX(CRV!$BA:$BA,MATCH(B77,CRV!$A:$A,0))+INDEX(CRV!$BB:$BB,MATCH(B77,CRV!$A:$A,0)))+(INDEX(CRV!$BA:$BA,MATCH(B78,CRV!$A:$A,0))+INDEX(CRV!$BB:$BB,MATCH(B78,CRV!$A:$A,0))),"")} -> 2089 | E78: 370 | F78: 686 | G78: 621 | H78: 1888 | I78: 1307 | J78: 1921 | K78: 1684 | L78: 548 | M78: 588 | N78: 1644 | O78: 150 | Q78: 12 отв. ø16 | R78: 1000 | S78: 800 | T78: 821 | U78: 550 | V78: =IFERROR(__xludf.DUMMYFUNCTION("IFERROR(REGEXEXTRACT(A78,""G2-B-(\d+)""),"""")"),"100") -> 100 | W78: =IF(OR(X78="", Y78=""), "", X78+Y78) -> 2 | X78: =IFERROR(__xludf.DUMMYFUNCTION("IFERROR(VALUE(REGEXEXTRACT(A78,""\b(\d+)/\d+\b"")),"""")"),1.0) -> 1 | Y78: =IFERROR(__xludf.DUMMYFUNCTION("IFERROR(VALUE(REGEXEXTRACT(A78,""\b\d+/(\d+)\b"")),"""") "),1.0) -> 1 | Z78: {=IFERROR(INDEX(CRV!BU:BU, MATCH(B78, CRV!A:A, 0)), "")} -> 30 | AA78: {=IFERROR(INDEX(CRV!BV:BV, MATCH(B78, CRV!A:A, 0))*X78+4.5*2+7, "")} -> 70.9 | AB78: {=IFERROR(IF(VALUE(XLOOKUP($B78,CRV!$A:$A,CRV!$BU:$BU))<=5.5,"прямой пуск (DOL)","звезда-треугольник (SD)"),"")} -> звезда-треугольник (SD) | AC78: {=IFERROR(INDEX(CRV!CA:CA, MATCH(B78, CRV!A:A, 0)), "")} -> HQQE | AD78: {=IFERROR(AD77-W78*XLOOKUP($B77,CRV!$A:$A,CRV!$BY:$BY)+W78*XLOOKUP($B78,CRV!$A:$A,CRV!$BY:$BY),"ошибка")} -> 899 | AE78: При заказе
A79: Hydro-FS-A 1/1 CRV 45-8 G2-B-100-25 | B79: =IFERROR(__xludf.DUMMYFUNCTION("IFERROR(IF(REGEXMATCH(REGEXEXTRACT(A79,""\bCRV\s*\d+(?:-\d+)+(?:-(?:A?BI|AI|BI))?\b""),""-(?:A?BI|AI|BI)$""),REGEXREPLACE(REGEXEXTRACT(A79,""\bCRV\s*\d+(?:-\d+)+(?:-(?:A?BI|AI|BI))?\b""),""-(A?BI|AI|BI)$"",""C$1""),REGEXEXTRACT(A79,""\bCRV\s*\d+(?:-\d+)+("&"?:-(?:A?BI|AI|BI))?\b"")&""C""),"""")"),"CRV 45-8C") -> CRV 45-8C | C79: 1650 | D79: {=IFERROR(D78-(INDEX(CRV!$BA:$BA,MATCH(B78,CRV!$A:$A,0))+INDEX(CRV!$BB:$BB,MATCH(B78,CRV!$A:$A,0)))+(INDEX(CRV!$BA:$BA,MATCH(B79,CRV!$A:$A,0))+INDEX(CRV!$BB:$BB,MATCH(B79,CRV!$A:$A,0))),"")} -> 2089 | E79: 370 | F79: 686 | G79: 621 | H79: 1888 | I79: 1307 | J79: 1921 | K79: 1684 | L79: 548 | M79: 588 | N79: 1644 | O79: 150 | Q79: 12 отв. ø16 | R79: 1000 | S79: 800 | T79: 821 | U79: 550 | V79: =IFERROR(__xludf.DUMMYFUNCTION("IFERROR(REGEXEXTRACT(A79,""G2-B-(\d+)""),"""")"),"100") -> 100 | W79: =IF(OR(X79="", Y79=""), "", X79+Y79) -> 2 | X79: =IFERROR(__xludf.DUMMYFUNCTION("IFERROR(VALUE(REGEXEXTRACT(A79,""\b(\d+)/\d+\b"")),"""")"),1.0) -> 1 | Y79: =IFERROR(__xludf.DUMMYFUNCTION("IFERROR(VALUE(REGEXEXTRACT(A79,""\b\d+/(\d+)\b"")),"""") "),1.0) -> 1 | Z79: {=IFERROR(INDEX(CRV!BU:BU, MATCH(B79, CRV!A:A, 0)), "")} -> 30 | AA79: {=IFERROR(INDEX(CRV!BV:BV, MATCH(B79, CRV!A:A, 0))*X79+4.5*2+7, "")} -> 70.9 | AB79: {=IFERROR(IF(VALUE(XLOOKUP($B79,CRV!$A:$A,CRV!$BU:$BU))<=5.5,"прямой пуск (DOL)","звезда-треугольник (SD)"),"")} -> звезда-треугольник (SD) | AC79: {=IFERROR(INDEX(CRV!CA:CA, MATCH(B79, CRV!A:A, 0)), "")} -> HQQE | AD79: {=IFERROR(AD78-W79*XLOOKUP($B78,CRV!$A:$A,CRV!$BY:$BY)+W79*XLOOKUP($B79,CRV!$A:$A,CRV!$BY:$BY),"ошибка")} -> 899 | AE79: При заказе
A80: Hydro-FS-A 1/1 CRV 45-9-2 G2-B-100-25 | B80: =IFERROR(__xludf.DUMMYFUNCTION("IFERROR(IF(REGEXMATCH(REGEXEXTRACT(A80,""\bCRV\s*\d+(?:-\d+)+(?:-(?:A?BI|AI|BI))?\b""),""-(?:A?BI|AI|BI)$""),REGEXREPLACE(REGEXEXTRACT(A80,""\bCRV\s*\d+(?:-\d+)+(?:-(?:A?BI|AI|BI))?\b""),""-(A?BI|AI|BI)$"",""C$1""),REGEXEXTRACT(A80,""\bCRV\s*\d+(?:-\d+)+("&"?:-(?:A?BI|AI|BI))?\b"")&""C""),"""")"),"CRV 45-9-2C") -> CRV 45-9-2C | C80: 1650 | D80: {=IFERROR(D79-(INDEX(CRV!$BA:$BA,MATCH(B79,CRV!$A:$A,0))+INDEX(CRV!$BB:$BB,MATCH(B79,CRV!$A:$A,0)))+(INDEX(CRV!$BA:$BA,MATCH(B80,CRV!$A:$A,0))+INDEX(CRV!$BB:$BB,MATCH(B80,CRV!$A:$A,0))),"")} -> 2169 | E80: 370 | F80: 686 | G80: 621 | H80: 1888 | I80: 1307 | J80: 1921 | K80: 1684 | L80: 548 | M80: 588 | N80: 1644 | O80: 150 | Q80: 12 отв. ø16 | R80: 1000 | S80: 800 | T80: 821 | U80: 550 | V80: =IFERROR(__xludf.DUMMYFUNCTION("IFERROR(REGEXEXTRACT(A80,""G2-B-(\d+)""),"""")"),"100") -> 100 | W80: =IF(OR(X80="", Y80=""), "", X80+Y80) -> 2 | X80: =IFERROR(__xludf.DUMMYFUNCTION("IFERROR(VALUE(REGEXEXTRACT(A80,""\b(\d+)/\d+\b"")),"""")"),1.0) -> 1 | Y80: =IFERROR(__xludf.DUMMYFUNCTION("IFERROR(VALUE(REGEXEXTRACT(A80,""\b\d+/(\d+)\b"")),"""") "),1.0) -> 1 | Z80: {=IFERROR(INDEX(CRV!BU:BU, MATCH(B80, CRV!A:A, 0)), "")} -> 30 | AA80: {=IFERROR(INDEX(CRV!BV:BV, MATCH(B80, CRV!A:A, 0))*X80+4.5*2+7, "")} -> 70.9 | AB80: {=IFERROR(IF(VALUE(XLOOKUP($B80,CRV!$A:$A,CRV!$BU:$BU))<=5.5,"прямой пуск (DOL)","звезда-треугольник (SD)"),"")} -> звезда-треугольник (SD) | AC80: {=IFERROR(INDEX(CRV!CA:CA, MATCH(B80, CRV!A:A, 0)), "")} -> HQQE | AD80: {=IFERROR(AD79-W80*XLOOKUP($B79,CRV!$A:$A,CRV!$BY:$BY)+W80*XLOOKUP($B80,CRV!$A:$A,CRV!$BY:$BY),"ошибка")} -> 907 | AE80: При заказе
A81: Hydro-FS-A 1/1 CRV 45-9 G2-B-100-25 | B81: =IFERROR(__xludf.DUMMYFUNCTION("IFERROR(IF(REGEXMATCH(REGEXEXTRACT(A81,""\bCRV\s*\d+(?:-\d+)+(?:-(?:A?BI|AI|BI))?\b""),""-(?:A?BI|AI|BI)$""),REGEXREPLACE(REGEXEXTRACT(A81,""\bCRV\s*\d+(?:-\d+)+(?:-(?:A?BI|AI|BI))?\b""),""-(A?BI|AI|BI)$"",""C$1""),REGEXEXTRACT(A81,""\bCRV\s*\d+(?:-\d+)+("&"?:-(?:A?BI|AI|BI))?\b"")&""C""),"""")"),"CRV 45-9C") -> CRV 45-9C | C81: 1650 | D81: {=IFERROR(D80-(INDEX(CRV!$BA:$BA,MATCH(B80,CRV!$A:$A,0))+INDEX(CRV!$BB:$BB,MATCH(B80,CRV!$A:$A,0)))+(INDEX(CRV!$BA:$BA,MATCH(B81,CRV!$A:$A,0))+INDEX(CRV!$BB:$BB,MATCH(B81,CRV!$A:$A,0))),"")} -> 2169 | E81: 370 | F81: 686 | G81: 621 | H81: 1888 | I81: 1307 | J81: 1921 | K81: 1684 | L81: 548 | M81: 588 | N81: 1644 | O81: 150 | Q81: 12 отв. ø16 | R81: 1000 | S81: 800 | T81: 821 | U81: 550 | V81: =IFERROR(__xludf.DUMMYFUNCTION("IFERROR(REGEXEXTRACT(A81,""G2-B-(\d+)""),"""")"),"100") -> 100 | W81: =IF(OR(X81="", Y81=""), "", X81+Y81) -> 2 | X81: =IFERROR(__xludf.DUMMYFUNCTION("IFERROR(VALUE(REGEXEXTRACT(A81,""\b(\d+)/\d+\b"")),"""")"),1.0) -> 1 | Y81: =IFERROR(__xludf.DUMMYFUNCTION("IFERROR(VALUE(REGEXEXTRACT(A81,""\b\d+/(\d+)\b"")),"""") "),1.0) -> 1 | Z81: {=IFERROR(INDEX(CRV!BU:BU, MATCH(B81, CRV!A:A, 0)), "")} -> 37 | AA81: {=IFERROR(INDEX(CRV!BV:BV, MATCH(B81, CRV!A:A, 0))*X81+4.5*2+7, "")} -> 83.4 | AB81: {=IFERROR(IF(VALUE(XLOOKUP($B81,CRV!$A:$A,CRV!$BU:$BU))<=5.5,"прямой пуск (DOL)","звезда-треугольник (SD)"),"")} -> звезда-треугольник (SD) | AC81: {=IFERROR(INDEX(CRV!CA:CA, MATCH(B81, CRV!A:A, 0)), "")} -> HQQE | AD81: {=IFERROR(AD80-W81*XLOOKUP($B80,CRV!$A:$A,CRV!$BY:$BY)+W81*XLOOKUP($B81,CRV!$A:$A,CRV!$BY:$BY),"ошибка")} -> 947 | AE81: При заказе
A82: Hydro-FS-A 1/1 CRV 45-10-2 G2-B-100-25 | B82: =IFERROR(__xludf.DUMMYFUNCTION("IFERROR(IF(REGEXMATCH(REGEXEXTRACT(A82,""\bCRV\s*\d+(?:-\d+)+(?:-(?:A?BI|AI|BI))?\b""),""-(?:A?BI|AI|BI)$""),REGEXREPLACE(REGEXEXTRACT(A82,""\bCRV\s*\d+(?:-\d+)+(?:-(?:A?BI|AI|BI))?\b""),""-(A?BI|AI|BI)$"",""C$1""),REGEXEXTRACT(A82,""\bCRV\s*\d+(?:-\d+)+("&"?:-(?:A?BI|AI|BI))?\b"")&""C""),"""")"),"CRV 45-10-2C") -> CRV 45-10-2C | C82: 1650 | D82: {=IFERROR(D81-(INDEX(CRV!$BA:$BA,MATCH(B81,CRV!$A:$A,0))+INDEX(CRV!$BB:$BB,MATCH(B81,CRV!$A:$A,0)))+(INDEX(CRV!$BA:$BA,MATCH(B82,CRV!$A:$A,0))+INDEX(CRV!$BB:$BB,MATCH(B82,CRV!$A:$A,0))),"")} -> 2249 | E82: 370 | F82: 686 | G82: 621 | H82: 1888 | I82: 1307 | J82: 1921 | K82: 1684 | L82: 548 | M82: 588 | N82: 1644 | O82: 150 | Q82: 12 отв. ø16 | R82: 1000 | S82: 800 | T82: 821 | U82: 550 | V82: =IFERROR(__xludf.DUMMYFUNCTION("IFERROR(REGEXEXTRACT(A82,""G2-B-(\d+)""),"""")"),"100") -> 100 | W82: =IF(OR(X82="", Y82=""), "", X82+Y82) -> 2 | X82: =IFERROR(__xludf.DUMMYFUNCTION("IFERROR(VALUE(REGEXEXTRACT(A82,""\b(\d+)/\d+\b"")),"""")"),1.0) -> 1 | Y82: =IFERROR(__xludf.DUMMYFUNCTION("IFERROR(VALUE(REGEXEXTRACT(A82,""\b\d+/(\d+)\b"")),"""") "),1.0) -> 1 | Z82: {=IFERROR(INDEX(CRV!BU:BU, MATCH(B82, CRV!A:A, 0)), "")} -> 37 | AA82: {=IFERROR(INDEX(CRV!BV:BV, MATCH(B82, CRV!A:A, 0))*X82+4.5*2+7, "")} -> 83.4 | AB82: {=IFERROR(IF(VALUE(XLOOKUP($B82,CRV!$A:$A,CRV!$BU:$BU))<=5.5,"прямой пуск (DOL)","звезда-треугольник (SD)"),"")} -> звезда-треугольник (SD) | AC82: {=IFERROR(INDEX(CRV!CA:CA, MATCH(B82, CRV!A:A, 0)), "")} -> HQQE | AD82: {=IFERROR(AD81-W82*XLOOKUP($B81,CRV!$A:$A,CRV!$BY:$BY)+W82*XLOOKUP($B82,CRV!$A:$A,CRV!$BY:$BY),"ошибка")} -> 955 | AE82: При заказе
A83: Hydro-FS-A 1/1 CRV 45-10 G2-B-100-25 | B83: =IFERROR(__xludf.DUMMYFUNCTION("IFERROR(IF(REGEXMATCH(REGEXEXTRACT(A83,""\bCRV\s*\d+(?:-\d+)+(?:-(?:A?BI|AI|BI))?\b""),""-(?:A?BI|AI|BI)$""),REGEXREPLACE(REGEXEXTRACT(A83,""\bCRV\s*\d+(?:-\d+)+(?:-(?:A?BI|AI|BI))?\b""),""-(A?BI|AI|BI)$"",""C$1""),REGEXEXTRACT(A83,""\bCRV\s*\d+(?:-\d+)+("&"?:-(?:A?BI|AI|BI))?\b"")&""C""),"""")"),"CRV 45-10C") -> CRV 45-10C | C83: 1650 | D83: {=IFERROR(D82-(INDEX(CRV!$BA:$BA,MATCH(B82,CRV!$A:$A,0))+INDEX(CRV!$BB:$BB,MATCH(B82,CRV!$A:$A,0)))+(INDEX(CRV!$BA:$BA,MATCH(B83,CRV!$A:$A,0))+INDEX(CRV!$BB:$BB,MATCH(B83,CRV!$A:$A,0))),"")} -> 2249 | E83: 370 | F83: 686 | G83: 621 | H83: 1888 | I83: 1307 | J83: 1921 | K83: 1684 | L83: 548 | M83: 588 | N83: 1644 | O83: 150 | Q83: 12 отв. ø16 | R83: 1000 | S83: 800 | T83: 821 | U83: 550 | V83: =IFERROR(__xludf.DUMMYFUNCTION("IFERROR(REGEXEXTRACT(A83,""G2-B-(\d+)""),"""")"),"100") -> 100 | W83: =IF(OR(X83="", Y83=""), "", X83+Y83) -> 2 | X83: =IFERROR(__xludf.DUMMYFUNCTION("IFERROR(VALUE(REGEXEXTRACT(A83,""\b(\d+)/\d+\b"")),"""")"),1.0) -> 1 | Y83: =IFERROR(__xludf.DUMMYFUNCTION("IFERROR(VALUE(REGEXEXTRACT(A83,""\b\d+/(\d+)\b"")),"""") "),1.0) -> 1 | Z83: {=IFERROR(INDEX(CRV!BU:BU, MATCH(B83, CRV!A:A, 0)), "")} -> 37 | AA83: {=IFERROR(INDEX(CRV!BV:BV, MATCH(B83, CRV!A:A, 0))*X83+4.5*2+7, "")} -> 83.4 | AB83: {=IFERROR(IF(VALUE(XLOOKUP($B83,CRV!$A:$A,CRV!$BU:$BU))<=5.5,"прямой пуск (DOL)","звезда-треугольник (SD)"),"")} -> звезда-треугольник (SD) | AC83: {=IFERROR(INDEX(CRV!CA:CA, MATCH(B83, CRV!A:A, 0)), "")} -> HQQE | AD83: {=IFERROR(AD82-W83*XLOOKUP($B82,CRV!$A:$A,CRV!$BY:$BY)+W83*XLOOKUP($B83,CRV!$A:$A,CRV!$BY:$BY),"ошибка")} -> 955 | AE83: При заказе
A84: Hydro-FS-A 1/1 CRV 45-11-2 G2-B-100-25 | B84: =IFERROR(__xludf.DUMMYFUNCTION("IFERROR(IF(REGEXMATCH(REGEXEXTRACT(A84,""\bCRV\s*\d+(?:-\d+)+(?:-(?:A?BI|AI|BI))?\b""),""-(?:A?BI|AI|BI)$""),REGEXREPLACE(REGEXEXTRACT(A84,""\bCRV\s*\d+(?:-\d+)+(?:-(?:A?BI|AI|BI))?\b""),""-(A?BI|AI|BI)$"",""C$1""),REGEXEXTRACT(A84,""\bCRV\s*\d+(?:-\d+)+("&"?:-(?:A?BI|AI|BI))?\b"")&""C""),"""")"),"CRV 45-11-2C") -> CRV 45-11-2C | C84: 1650 | D84: {=IFERROR(D83-(INDEX(CRV!$BA:$BA,MATCH(B83,CRV!$A:$A,0))+INDEX(CRV!$BB:$BB,MATCH(B83,CRV!$A:$A,0)))+(INDEX(CRV!$BA:$BA,MATCH(B84,CRV!$A:$A,0))+INDEX(CRV!$BB:$BB,MATCH(B84,CRV!$A:$A,0))),"")} -> 2376 | E84: 370 | F84: 686 | G84: 621 | H84: 1888 | I84: 1307 | J84: 1921 | K84: 1684 | L84: 548 | M84: 588 | N84: 1644 | O84: 150 | Q84: 12 отв. ø16 | R84: 1000 | S84: 800 | T84: 821 | U84: 550 | V84: =IFERROR(__xludf.DUMMYFUNCTION("IFERROR(REGEXEXTRACT(A84,""G2-B-(\d+)""),"""")"),"100") -> 100 | W84: =IF(OR(X84="", Y84=""), "", X84+Y84) -> 2 | X84: =IFERROR(__xludf.DUMMYFUNCTION("IFERROR(VALUE(REGEXEXTRACT(A84,""\b(\d+)/\d+\b"")),"""")"),1.0) -> 1 | Y84: =IFERROR(__xludf.DUMMYFUNCTION("IFERROR(VALUE(REGEXEXTRACT(A84,""\b\d+/(\d+)\b"")),"""") "),1.0) -> 1 | Z84: {=IFERROR(INDEX(CRV!BU:BU, MATCH(B84, CRV!A:A, 0)), "")} -> 45 | AA84: {=IFERROR(INDEX(CRV!BV:BV, MATCH(B84, CRV!A:A, 0))*X84+4.5*2+7, "")} -> 96.8 | AB84: {=IFERROR(IF(VALUE(XLOOKUP($B84,CRV!$A:$A,CRV!$BU:$BU))<=5.5,"прямой пуск (DOL)","звезда-треугольник (SD)"),"")} -> звезда-треугольник (SD) | AC84: {=IFERROR(INDEX(CRV!CA:CA, MATCH(B84, CRV!A:A, 0)), "")} -> HQQE | AD84: {=IFERROR(AD83-W84*XLOOKUP($B83,CRV!$A:$A,CRV!$BY:$BY)+W84*XLOOKUP($B84,CRV!$A:$A,CRV!$BY:$BY),"ошибка")} -> 1087 | AE84: При заказе
A85: Hydro-FS-A 1/1 CRV 45-11 G2-B-100-25 | B85: =IFERROR(__xludf.DUMMYFUNCTION("IFERROR(IF(REGEXMATCH(REGEXEXTRACT(A85,""\bCRV\s*\d+(?:-\d+)+(?:-(?:A?BI|AI|BI))?\b""),""-(?:A?BI|AI|BI)$""),REGEXREPLACE(REGEXEXTRACT(A85,""\bCRV\s*\d+(?:-\d+)+(?:-(?:A?BI|AI|BI))?\b""),""-(A?BI|AI|BI)$"",""C$1""),REGEXEXTRACT(A85,""\bCRV\s*\d+(?:-\d+)+("&"?:-(?:A?BI|AI|BI))?\b"")&""C""),"""")"),"CRV 45-11C") -> CRV 45-11C | C85: 1650 | D85: {=IFERROR(D84-(INDEX(CRV!$BA:$BA,MATCH(B84,CRV!$A:$A,0))+INDEX(CRV!$BB:$BB,MATCH(B84,CRV!$A:$A,0)))+(INDEX(CRV!$BA:$BA,MATCH(B85,CRV!$A:$A,0))+INDEX(CRV!$BB:$BB,MATCH(B85,CRV!$A:$A,0))),"")} -> 2376 | E85: 370 | F85: 686 | G85: 621 | H85: 1888 | I85: 1307 | J85: 1921 | K85: 1684 | L85: 548 | M85: 588 | N85: 1644 | O85: 150 | Q85: 12 отв. ø16 | R85: 1000 | S85: 800 | T85: 821 | U85: 550 | V85: =IFERROR(__xludf.DUMMYFUNCTION("IFERROR(REGEXEXTRACT(A85,""G2-B-(\d+)""),"""")"),"100") -> 100 | W85: =IF(OR(X85="", Y85=""), "", X85+Y85) -> 2 | X85: =IFERROR(__xludf.DUMMYFUNCTION("IFERROR(VALUE(REGEXEXTRACT(A85,""\b(\d+)/\d+\b"")),"""")"),1.0) -> 1 | Y85: =IFERROR(__xludf.DUMMYFUNCTION("IFERROR(VALUE(REGEXEXTRACT(A85,""\b\d+/(\d+)\b"")),"""") "),1.0) -> 1 | Z85: {=IFERROR(INDEX(CRV!BU:BU, MATCH(B85, CRV!A:A, 0)), "")} -> 45 | AA85: {=IFERROR(INDEX(CRV!BV:BV, MATCH(B85, CRV!A:A, 0))*X85+4.5*2+7, "")} -> 96.8 | AB85: {=IFERROR(IF(VALUE(XLOOKUP($B85,CRV!$A:$A,CRV!$BU:$BU))<=5.5,"прямой пуск (DOL)","звезда-треугольник (SD)"),"")} -> звезда-треугольник (SD) | AC85: {=IFERROR(INDEX(CRV!CA:CA, MATCH(B85, CRV!A:A, 0)), "")} -> HQQE | AD85: {=IFERROR(AD84-W85*XLOOKUP($B84,CRV!$A:$A,CRV!$BY:$BY)+W85*XLOOKUP($B85,CRV!$A:$A,CRV!$BY:$BY),"ошибка")} -> 1087 | AE85: При заказе
A86: Hydro-FS-A 1/1 CRV 45-12-2 G2-B-100-25 | B86: =IFERROR(__xludf.DUMMYFUNCTION("IFERROR(IF(REGEXMATCH(REGEXEXTRACT(A86,""\bCRV\s*\d+(?:-\d+)+(?:-(?:A?BI|AI|BI))?\b""),""-(?:A?BI|AI|BI)$""),REGEXREPLACE(REGEXEXTRACT(A86,""\bCRV\s*\d+(?:-\d+)+(?:-(?:A?BI|AI|BI))?\b""),""-(A?BI|AI|BI)$"",""C$1""),REGEXEXTRACT(A86,""\bCRV\s*\d+(?:-\d+)+("&"?:-(?:A?BI|AI|BI))?\b"")&""C""),"""")"),"CRV 45-12-2C") -> CRV 45-12-2C | C86: 1650 | D86: {=IFERROR(D85-(INDEX(CRV!$BA:$BA,MATCH(B85,CRV!$A:$A,0))+INDEX(CRV!$BB:$BB,MATCH(B85,CRV!$A:$A,0)))+(INDEX(CRV!$BA:$BA,MATCH(B86,CRV!$A:$A,0))+INDEX(CRV!$BB:$BB,MATCH(B86,CRV!$A:$A,0))),"")} -> 2456 | E86: 370 | F86: 686 | G86: 621 | H86: 1888 | I86: 1307 | J86: 1921 | K86: 1684 | L86: 548 | M86: 588 | N86: 1644 | O86: 150 | Q86: 12 отв. ø16 | R86: 1000 | S86: 800 | T86: 821 | U86: 550 | V86: =IFERROR(__xludf.DUMMYFUNCTION("IFERROR(REGEXEXTRACT(A86,""G2-B-(\d+)""),"""")"),"100") -> 100 | W86: =IF(OR(X86="", Y86=""), "", X86+Y86) -> 2 | X86: =IFERROR(__xludf.DUMMYFUNCTION("IFERROR(VALUE(REGEXEXTRACT(A86,""\b(\d+)/\d+\b"")),"""")"),1.0) -> 1 | Y86: =IFERROR(__xludf.DUMMYFUNCTION("IFERROR(VALUE(REGEXEXTRACT(A86,""\b\d+/(\d+)\b"")),"""") "),1.0) -> 1 | Z86: {=IFERROR(INDEX(CRV!BU:BU, MATCH(B86, CRV!A:A, 0)), "")} -> 45 | AA86: {=IFERROR(INDEX(CRV!BV:BV, MATCH(B86, CRV!A:A, 0))*X86+4.5*2+7, "")} -> 96.8 | AB86: {=IFERROR(IF(VALUE(XLOOKUP($B86,CRV!$A:$A,CRV!$BU:$BU))<=5.5,"прямой пуск (DOL)","звезда-треугольник (SD)"),"")} -> звезда-треугольник (SD) | AC86: {=IFERROR(INDEX(CRV!CA:CA, MATCH(B86, CRV!A:A, 0)), "")} -> HQQE | AD86: {=IFERROR(AD85-W86*XLOOKUP($B85,CRV!$A:$A,CRV!$BY:$BY)+W86*XLOOKUP($B86,CRV!$A:$A,CRV!$BY:$BY),"ошибка")} -> 1095 | AE86: При заказе
A87: Hydro-FS-A 1/1 CRV 45-12 G2-B-100-25 | B87: =IFERROR(__xludf.DUMMYFUNCTION("IFERROR(IF(REGEXMATCH(REGEXEXTRACT(A87,""\bCRV\s*\d+(?:-\d+)+(?:-(?:A?BI|AI|BI))?\b""),""-(?:A?BI|AI|BI)$""),REGEXREPLACE(REGEXEXTRACT(A87,""\bCRV\s*\d+(?:-\d+)+(?:-(?:A?BI|AI|BI))?\b""),""-(A?BI|AI|BI)$"",""C$1""),REGEXEXTRACT(A87,""\bCRV\s*\d+(?:-\d+)+("&"?:-(?:A?BI|AI|BI))?\b"")&""C""),"""")"),"CRV 45-12C") -> CRV 45-12C | C87: 1650 | D87: {=IFERROR(D86-(INDEX(CRV!$BA:$BA,MATCH(B86,CRV!$A:$A,0))+INDEX(CRV!$BB:$BB,MATCH(B86,CRV!$A:$A,0)))+(INDEX(CRV!$BA:$BA,MATCH(B87,CRV!$A:$A,0))+INDEX(CRV!$BB:$BB,MATCH(B87,CRV!$A:$A,0))),"")} -> 2456 | E87: 370 | F87: 686 | G87: 621 | H87: 1888 | I87: 1307 | J87: 1921 | K87: 1684 | L87: 548 | M87: 588 | N87: 1644 | O87: 150 | Q87: 12 отв. ø16 | R87: 1000 | S87: 800 | T87: 821 | U87: 550 | V87: =IFERROR(__xludf.DUMMYFUNCTION("IFERROR(REGEXEXTRACT(A87,""G2-B-(\d+)""),"""")"),"100") -> 100 | W87: =IF(OR(X87="", Y87=""), "", X87+Y87) -> 2 | X87: =IFERROR(__xludf.DUMMYFUNCTION("IFERROR(VALUE(REGEXEXTRACT(A87,""\b(\d+)/\d+\b"")),"""")"),1.0) -> 1 | Y87: =IFERROR(__xludf.DUMMYFUNCTION("IFERROR(VALUE(REGEXEXTRACT(A87,""\b\d+/(\d+)\b"")),"""") "),1.0) -> 1 | Z87: {=IFERROR(INDEX(CRV!BU:BU, MATCH(B87, CRV!A:A, 0)), "")} -> 45 | AA87: {=IFERROR(INDEX(CRV!BV:BV, MATCH(B87, CRV!A:A, 0))*X87+4.5*2+7, "")} -> 96.8 | AB87: {=IFERROR(IF(VALUE(XLOOKUP($B87,CRV!$A:$A,CRV!$BU:$BU))<=5.5,"прямой пуск (DOL)","звезда-треугольник (SD)"),"")} -> звезда-треугольник (SD) | AC87: {=IFERROR(INDEX(CRV!CA:CA, MATCH(B87, CRV!A:A, 0)), "")} -> HQQE | AD87: {=IFERROR(AD86-W87*XLOOKUP($B86,CRV!$A:$A,CRV!$BY:$BY)+W87*XLOOKUP($B87,CRV!$A:$A,CRV!$BY:$BY),"ошибка")} -> 1095 | AE87: При заказе
A88: Hydro-FS-A 1/1 CRV 45-13-2 G2-B-100-25 | B88: =IFERROR(__xludf.DUMMYFUNCTION("IFERROR(IF(REGEXMATCH(REGEXEXTRACT(A88,""\bCRV\s*\d+(?:-\d+)+(?:-(?:A?BI|AI|BI))?\b""),""-(?:A?BI|AI|BI)$""),REGEXREPLACE(REGEXEXTRACT(A88,""\bCRV\s*\d+(?:-\d+)+(?:-(?:A?BI|AI|BI))?\b""),""-(A?BI|AI|BI)$"",""C$1""),REGEXEXTRACT(A88,""\bCRV\s*\d+(?:-\d+)+("&"?:-(?:A?BI|AI|BI))?\b"")&""C""),"""")"),"CRV 45-13-2C") -> CRV 45-13-2C | C88: 1650 | D88: {=IFERROR(D87-(INDEX(CRV!$BA:$BA,MATCH(B87,CRV!$A:$A,0))+INDEX(CRV!$BB:$BB,MATCH(B87,CRV!$A:$A,0)))+(INDEX(CRV!$BA:$BA,MATCH(B88,CRV!$A:$A,0))+INDEX(CRV!$BB:$BB,MATCH(B88,CRV!$A:$A,0))),"")} -> 2536 | E88: 370 | F88: 686 | G88: 621 | H88: 1888 | I88: 1307 | J88: 1921 | K88: 1684 | L88: 548 | M88: 588 | N88: 1644 | O88: 150 | Q88: 12 отв. ø16 | R88: 1000 | S88: 800 | T88: 821 | U88: 550 | V88: =IFERROR(__xludf.DUMMYFUNCTION("IFERROR(REGEXEXTRACT(A88,""G2-B-(\d+)""),"""")"),"100") -> 100 | W88: =IF(OR(X88="", Y88=""), "", X88+Y88) -> 2 | X88: =IFERROR(__xludf.DUMMYFUNCTION("IFERROR(VALUE(REGEXEXTRACT(A88,""\b(\d+)/\d+\b"")),"""")"),1.0) -> 1 | Y88: =IFERROR(__xludf.DUMMYFUNCTION("IFERROR(VALUE(REGEXEXTRACT(A88,""\b\d+/(\d+)\b"")),"""") "),1.0) -> 1 | Z88: {=IFERROR(INDEX(CRV!BU:BU, MATCH(B88, CRV!A:A, 0)), "")} -> 45 | AA88: {=IFERROR(INDEX(CRV!BV:BV, MATCH(B88, CRV!A:A, 0))*X88+4.5*2+7, "")} -> 96.8 | AB88: {=IFERROR(IF(VALUE(XLOOKUP($B88,CRV!$A:$A,CRV!$BU:$BU))<=5.5,"прямой пуск (DOL)","звезда-треугольник (SD)"),"")} -> звезда-треугольник (SD) | AC88: {=IFERROR(INDEX(CRV!CA:CA, MATCH(B88, CRV!A:A, 0)), "")} -> HQQE | AD88: {=IFERROR(AD87-W88*XLOOKUP($B87,CRV!$A:$A,CRV!$BY:$BY)+W88*XLOOKUP($B88,CRV!$A:$A,CRV!$BY:$BY),"ошибка")} -> 1103 | AE88: При заказе
B89: =IFERROR(__xludf.DUMMYFUNCTION("IFERROR(IF(REGEXMATCH(REGEXEXTRACT(A89,""\bCRV\s*\d+(?:-\d+)+(?:-(?:A?BI|AI|BI))?\b""),""-(?:A?BI|AI|BI)$""),REGEXREPLACE(REGEXEXTRACT(A89,""\bCRV\s*\d+(?:-\d+)+(?:-(?:A?BI|AI|BI))?\b""),""-(A?BI|AI|BI)$"",""C$1""),REGEXEXTRACT(A89,""\bCRV\s*\d+(?:-\d+)+("&"?:-(?:A?BI|AI|BI))?\b"")&""C""),"""")"),"") | V89: =IFERROR(__xludf.DUMMYFUNCTION("IFERROR(REGEXEXTRACT(A89,""G2-B-(\d+)""),"""")"),"") | W89: =IF(OR(X89="", Y89=""), "", X89+Y89) | X89: =IFERROR(__xludf.DUMMYFUNCTION("IFERROR(VALUE(REGEXEXTRACT(A89,""\b(\d+)/\d+\b"")),"""")"),"") | Y89: =IFERROR(__xludf.DUMMYFUNCTION("IFERROR(VALUE(REGEXEXTRACT(A89,""\b\d+/(\d+)\b"")),"""") "),"") | Z89: {=IFERROR(INDEX(CRV!BU:BU, MATCH(B89, CRV!A:A, 0)), "")} | AA89: {=IFERROR(INDEX(CRV!BV:BV, MATCH(B89, CRV!A:A, 0))*X89+4.5*2+7, "")} | AB89: {=IFERROR(IF(VALUE(XLOOKUP($B89,CRV!$A:$A,CRV!$BU:$BU))<=5.5,"прямой пуск (DOL)","звезда-треугольник (SD)"),"")} | AC89: {=IFERROR(INDEX(CRV!CA:CA, MATCH(B89, CRV!A:A, 0)), "")}
A90: Hydro-FS-A 1/1 CRV 64-1 G2-B-200-16 | B90: =IFERROR(__xludf.DUMMYFUNCTION("IFERROR(IF(REGEXMATCH(REGEXEXTRACT(A90,""\bCRV\s*\d+(?:-\d+)+(?:-(?:A?BI|AI|BI))?\b""),""-(?:A?BI|AI|BI)$""),REGEXREPLACE(REGEXEXTRACT(A90,""\bCRV\s*\d+(?:-\d+)+(?:-(?:A?BI|AI|BI))?\b""),""-(A?BI|AI|BI)$"",""C$1""),REGEXEXTRACT(A90,""\bCRV\s*\d+(?:-\d+)+("&"?:-(?:A?BI|AI|BI))?\b"")&""C""),"""")"),"CRV 64-1C") -> CRV 64-1C | C90: 1700 | D90: 1109 | E90: 390 | F90: 722 | G90: 657 | H90: 1943 | I90: 1379 | J90: 2121 | K90: 1684 | L90: 548 | M90: 588 | N90: 1644 | O90: 150 | Q90: 12 отв. ø16 | R90: 1000 | S90: 800 | T90: 821 | U90: 650 | V90: =IFERROR(__xludf.DUMMYFUNCTION("IFERROR(REGEXEXTRACT(A90,""G2-B-(\d+)""),"""")"),"200") -> 200 | W90: =IF(OR(X90="", Y90=""), "", X90+Y90) -> 2 | X90: =IFERROR(__xludf.DUMMYFUNCTION("IFERROR(VALUE(REGEXEXTRACT(A90,""\b(\d+)/\d+\b"")),"""")"),1.0) -> 1 | Y90: =IFERROR(__xludf.DUMMYFUNCTION("IFERROR(VALUE(REGEXEXTRACT(A90,""\b\d+/(\d+)\b"")),"""") "),1.0) -> 1 | Z90: {=IFERROR(INDEX(CRV!BU:BU, MATCH(B90, CRV!A:A, 0)), "")} -> 5.5 | AA90: {=IFERROR(INDEX(CRV!BV:BV, MATCH(B90, CRV!A:A, 0))*X90+4.5*2+7, "")} -> 26.6 | AB90: {=IFERROR(IF(VALUE(XLOOKUP($B90,CRV!$A:$A,CRV!$BU:$BU))<=5.5,"прямой пуск (DOL)","звезда-треугольник (SD)"),"")} -> прямой пуск (DOL) | AC90: {=IFERROR(INDEX(CRV!CA:CA, MATCH(B90, CRV!A:A, 0)), "")} -> HQQE | AD90: 573 | AE90: 75211418
A91: Hydro-FS-A 1/1 CRV 64-2-2 G2-B-200-16 | B91: =IFERROR(__xludf.DUMMYFUNCTION("IFERROR(IF(REGEXMATCH(REGEXEXTRACT(A91,""\bCRV\s*\d+(?:-\d+)+(?:-(?:A?BI|AI|BI))?\b""),""-(?:A?BI|AI|BI)$""),REGEXREPLACE(REGEXEXTRACT(A91,""\bCRV\s*\d+(?:-\d+)+(?:-(?:A?BI|AI|BI))?\b""),""-(A?BI|AI|BI)$"",""C$1""),REGEXEXTRACT(A91,""\bCRV\s*\d+(?:-\d+)+("&"?:-(?:A?BI|AI|BI))?\b"")&""C""),"""")"),"CRV 64-2-2C") -> CRV 64-2-2C | C91: 1700 | D91: 1335 | E91: 390 | F91: 722 | G91: 657 | H91: 1943 | I91: 1379 | J91: 2121 | K91: 1684 | L91: 548 | M91: 588 | N91: 1644 | O91: 150 | Q91: 12 отв. ø16 | R91: 1000 | S91: 800 | T91: 821 | U91: 650 | V91: =IFERROR(__xludf.DUMMYFUNCTION("IFERROR(REGEXEXTRACT(A91,""G2-B-(\d+)""),"""")"),"200") -> 200 | W91: =IF(OR(X91="", Y91=""), "", X91+Y91) -> 2 | X91: =IFERROR(__xludf.DUMMYFUNCTION("IFERROR(VALUE(REGEXEXTRACT(A91,""\b(\d+)/\d+\b"")),"""")"),1.0) -> 1 | Y91: =IFERROR(__xludf.DUMMYFUNCTION("IFERROR(VALUE(REGEXEXTRACT(A91,""\b\d+/(\d+)\b"")),"""") "),1.0) -> 1 | Z91: {=IFERROR(INDEX(CRV!BU:BU, MATCH(B91, CRV!A:A, 0)), "")} -> 7.5 | AA91: {=IFERROR(INDEX(CRV!BV:BV, MATCH(B91, CRV!A:A, 0))*X91+4.5*2+7, "")} -> 30.4 | AB91: {=IFERROR(IF(VALUE(XLOOKUP($B91,CRV!$A:$A,CRV!$BU:$BU))<=5.5,"прямой пуск (DOL)","звезда-треугольник (SD)"),"")} -> звезда-треугольник (SD) | AC91: {=IFERROR(INDEX(CRV!CA:CA, MATCH(B91, CRV!A:A, 0)), "")} -> HQQE | AD91: 593 | AE91: 75211419
A92: Hydro-FS-A 1/1 CRV 64-2 G2-B-200-16 | B92: =IFERROR(__xludf.DUMMYFUNCTION("IFERROR(IF(REGEXMATCH(REGEXEXTRACT(A92,""\bCRV\s*\d+(?:-\d+)+(?:-(?:A?BI|AI|BI))?\b""),""-(?:A?BI|AI|BI)$""),REGEXREPLACE(REGEXEXTRACT(A92,""\bCRV\s*\d+(?:-\d+)+(?:-(?:A?BI|AI|BI))?\b""),""-(A?BI|AI|BI)$"",""C$1""),REGEXEXTRACT(A92,""\bCRV\s*\d+(?:-\d+)+("&"?:-(?:A?BI|AI|BI))?\b"")&""C""),"""")"),"CRV 64-2C") -> CRV 64-2C | C92: 1700 | D92: 1424 | E92: 390 | F92: 722 | G92: 657 | H92: 1943 | I92: 1379 | J92: 2121 | K92: 1684 | L92: 548 | M92: 588 | N92: 1644 | O92: 150 | Q92: 12 отв. ø16 | R92: 1000 | S92: 800 | T92: 821 | U92: 650 | V92: =IFERROR(__xludf.DUMMYFUNCTION("IFERROR(REGEXEXTRACT(A92,""G2-B-(\d+)""),"""")"),"200") -> 200 | W92: =IF(OR(X92="", Y92=""), "", X92+Y92) -> 2 | X92: =IFERROR(__xludf.DUMMYFUNCTION("IFERROR(VALUE(REGEXEXTRACT(A92,""\b(\d+)/\d+\b"")),"""")"),1.0) -> 1 | Y92: =IFERROR(__xludf.DUMMYFUNCTION("IFERROR(VALUE(REGEXEXTRACT(A92,""\b\d+/(\d+)\b"")),"""") "),1.0) -> 1 | Z92: {=IFERROR(INDEX(CRV!BU:BU, MATCH(B92, CRV!A:A, 0)), "")} -> 11 | AA92: {=IFERROR(INDEX(CRV!BV:BV, MATCH(B92, CRV!A:A, 0))*X92+4.5*2+7, "")} -> 36.6 | AB92: {=IFERROR(IF(VALUE(XLOOKUP($B92,CRV!$A:$A,CRV!$BU:$BU))<=5.5,"прямой пуск (DOL)","звезда-треугольник (SD)"),"")} -> звезда-треугольник (SD) | AC92: {=IFERROR(INDEX(CRV!CA:CA, MATCH(B92, CRV!A:A, 0)), "")} -> HQQE | AD92: 663 | AE92: 75211420
A93: Hydro-FS-A 1/1 CRV 64-3 G2-B-200-16 | B93: =IFERROR(__xludf.DUMMYFUNCTION("IFERROR(IF(REGEXMATCH(REGEXEXTRACT(A93,""\bCRV\s*\d+(?:-\d+)+(?:-(?:A?BI|AI|BI))?\b""),""-(?:A?BI|AI|BI)$""),REGEXREPLACE(REGEXEXTRACT(A93,""\bCRV\s*\d+(?:-\d+)+(?:-(?:A?BI|AI|BI))?\b""),""-(A?BI|AI|BI)$"",""C$1""),REGEXEXTRACT(A93,""\bCRV\s*\d+(?:-\d+)+("&"?:-(?:A?BI|AI|BI))?\b"")&""C""),"""")"),"CRV 64-3C") -> CRV 64-3C | C93: 1700 | D93: 1598 | E93: 390 | F93: 722 | G93: 657 | H93: 1943 | I93: 1379 | J93: 2121 | K93: 1684 | L93: 548 | M93: 588 | N93: 1644 | O93: 150 | Q93: 12 отв. ø16 | R93: 1000 | S93: 800 | T93: 821 | U93: 650 | V93: =IFERROR(__xludf.DUMMYFUNCTION("IFERROR(REGEXEXTRACT(A93,""G2-B-(\d+)""),"""")"),"200") -> 200 | W93: =IF(OR(X93="", Y93=""), "", X93+Y93) -> 2 | X93: =IFERROR(__xludf.DUMMYFUNCTION("IFERROR(VALUE(REGEXEXTRACT(A93,""\b(\d+)/\d+\b"")),"""")"),1.0) -> 1 | Y93: =IFERROR(__xludf.DUMMYFUNCTION("IFERROR(VALUE(REGEXEXTRACT(A93,""\b\d+/(\d+)\b"")),"""") "),1.0) -> 1 | Z93: {=IFERROR(INDEX(CRV!BU:BU, MATCH(B93, CRV!A:A, 0)), "")} -> 18.5 | AA93: {=IFERROR(INDEX(CRV!BV:BV, MATCH(B93, CRV!A:A, 0))*X93+4.5*2+7, "")} -> 50.2 | AB93: {=IFERROR(IF(VALUE(XLOOKUP($B93,CRV!$A:$A,CRV!$BU:$BU))<=5.5,"прямой пуск (DOL)","звезда-треугольник (SD)"),"")} -> звезда-треугольник (SD) | AC93: {=IFERROR(INDEX(CRV!CA:CA, MATCH(B93, CRV!A:A, 0)), "")} -> HQQE | AD93: 765 | AE93: 75211421
A94: Hydro-FS-A 1/1 CRV 64-4-2 G2-B-200-16 | B94: =IFERROR(__xludf.DUMMYFUNCTION("IFERROR(IF(REGEXMATCH(REGEXEXTRACT(A94,""\bCRV\s*\d+(?:-\d+)+(?:-(?:A?BI|AI|BI))?\b""),""-(?:A?BI|AI|BI)$""),REGEXREPLACE(REGEXEXTRACT(A94,""\bCRV\s*\d+(?:-\d+)+(?:-(?:A?BI|AI|BI))?\b""),""-(A?BI|AI|BI)$"",""C$1""),REGEXEXTRACT(A94,""\bCRV\s*\d+(?:-\d+)+("&"?:-(?:A?BI|AI|BI))?\b"")&""C""),"""")"),"CRV 64-4-2C") -> CRV 64-4-2C | C94: 1700 | D94: 1678 | E94: 390 | F94: 722 | G94: 657 | H94: 1943 | I94: 1379 | J94: 2121 | K94: 1684 | L94: 548 | M94: 588 | N94: 1644 | O94: 150 | Q94: 12 отв. ø16 | R94: 1000 | S94: 800 | T94: 821 | U94: 650 | V94: =IFERROR(__xludf.DUMMYFUNCTION("IFERROR(REGEXEXTRACT(A94,""G2-B-(\d+)""),"""")"),"200") -> 200 | W94: =IF(OR(X94="", Y94=""), "", X94+Y94) -> 2 | X94: =IFERROR(__xludf.DUMMYFUNCTION("IFERROR(VALUE(REGEXEXTRACT(A94,""\b(\d+)/\d+\b"")),"""")"),1.0) -> 1 | Y94: =IFERROR(__xludf.DUMMYFUNCTION("IFERROR(VALUE(REGEXEXTRACT(A94,""\b\d+/(\d+)\b"")),"""") "),1.0) -> 1 | Z94: {=IFERROR(INDEX(CRV!BU:BU, MATCH(B94, CRV!A:A, 0)), "")} -> 18.5 | AA94: {=IFERROR(INDEX(CRV!BV:BV, MATCH(B94, CRV!A:A, 0))*X94+4.5*2+7, "")} -> 50.2 | AB94: {=IFERROR(IF(VALUE(XLOOKUP($B94,CRV!$A:$A,CRV!$BU:$BU))<=5.5,"прямой пуск (DOL)","звезда-треугольник (SD)"),"")} -> звезда-треугольник (SD) | AC94: {=IFERROR(INDEX(CRV!CA:CA, MATCH(B94, CRV!A:A, 0)), "")} -> HQQE | AD94: 862 | AE94: 75211381
A95: Hydro-FS-A 1/1 CRV 64-4-1 G2-B-200-16 | B95: =IFERROR(__xludf.DUMMYFUNCTION("IFERROR(IF(REGEXMATCH(REGEXEXTRACT(A95,""\bCRV\s*\d+(?:-\d+)+(?:-(?:A?BI|AI|BI))?\b""),""-(?:A?BI|AI|BI)$""),REGEXREPLACE(REGEXEXTRACT(A95,""\bCRV\s*\d+(?:-\d+)+(?:-(?:A?BI|AI|BI))?\b""),""-(A?BI|AI|BI)$"",""C$1""),REGEXEXTRACT(A95,""\bCRV\s*\d+(?:-\d+)+("&"?:-(?:A?BI|AI|BI))?\b"")&""C""),"""")"),"CRV 64-4-1C") -> CRV 64-4-1C | C95: 1700 | D95: {=IFERROR(D94-(INDEX(CRV!$BA:$BA,MATCH(B94,CRV!$A:$A,0))+INDEX(CRV!$BB:$BB,MATCH(B94,CRV!$A:$A,0)))+(INDEX(CRV!$BA:$BA,MATCH(B95,CRV!$A:$A,0))+INDEX(CRV!$BB:$BB,MATCH(B95,CRV!$A:$A,0))),"")} -> 1716 | E95: 390 | F95: 722 | G95: 657 | H95: 1943 | I95: 1379 | J95: 2121 | K95: 1684 | L95: 548 | M95: 588 | N95: 1644 | O95: 150 | Q95: 12 отв. ø16 | R95: 1000 | S95: 800 | T95: 821 | U95: 650 | V95: =IFERROR(__xludf.DUMMYFUNCTION("IFERROR(REGEXEXTRACT(A95,""G2-B-(\d+)""),"""")"),"200") -> 200 | W95: =IF(OR(X95="", Y95=""), "", X95+Y95) -> 2 | X95: =IFERROR(__xludf.DUMMYFUNCTION("IFERROR(VALUE(REGEXEXTRACT(A95,""\b(\d+)/\d+\b"")),"""")"),1.0) -> 1 | Y95: =IFERROR(__xludf.DUMMYFUNCTION("IFERROR(VALUE(REGEXEXTRACT(A95,""\b\d+/(\d+)\b"")),"""") "),1.0) -> 1 | Z95: {=IFERROR(INDEX(CRV!BU:BU, MATCH(B95, CRV!A:A, 0)), "")} -> 22 | AA95: {=IFERROR(INDEX(CRV!BV:BV, MATCH(B95, CRV!A:A, 0))*X95+4.5*2+7, "")} -> 56.5 | AB95: {=IFERROR(IF(VALUE(XLOOKUP($B95,CRV!$A:$A,CRV!$BU:$BU))<=5.5,"прямой пуск (DOL)","звезда-треугольник (SD)"),"")} -> звезда-треугольник (SD) | AC95: {=IFERROR(INDEX(CRV!CA:CA, MATCH(B95, CRV!A:A, 0)), "")} -> HQQE | AD95: {=IFERROR(AD94-W95*XLOOKUP($B94,CRV!$A:$A,CRV!$BY:$BY)+W95*XLOOKUP($B95,CRV!$A:$A,CRV!$BY:$BY),"ошибка")} -> 964 | AE95: При заказе
A96: Hydro-FS-A 1/1 CRV 64-4 G2-B-200-16 | B96: =IFERROR(__xludf.DUMMYFUNCTION("IFERROR(IF(REGEXMATCH(REGEXEXTRACT(A96,""\bCRV\s*\d+(?:-\d+)+(?:-(?:A?BI|AI|BI))?\b""),""-(?:A?BI|AI|BI)$""),REGEXREPLACE(REGEXEXTRACT(A96,""\bCRV\s*\d+(?:-\d+)+(?:-(?:A?BI|AI|BI))?\b""),""-(A?BI|AI|BI)$"",""C$1""),REGEXEXTRACT(A96,""\bCRV\s*\d+(?:-\d+)+("&"?:-(?:A?BI|AI|BI))?\b"")&""C""),"""")"),"CRV 64-4C") -> CRV 64-4C | C96: 1700 | D96: {=IFERROR(D95-(INDEX(CRV!$BA:$BA,MATCH(B95,CRV!$A:$A,0))+INDEX(CRV!$BB:$BB,MATCH(B95,CRV!$A:$A,0)))+(INDEX(CRV!$BA:$BA,MATCH(B96,CRV!$A:$A,0))+INDEX(CRV!$BB:$BB,MATCH(B96,CRV!$A:$A,0))),"")} -> 1716 | E96: 390 | F96: 722 | G96: 657 | H96: 1943 | I96: 1379 | J96: 2121 | K96: 1684 | L96: 548 | M96: 588 | N96: 1644 | O96: 150 | Q96: 12 отв. ø16 | R96: 1000 | S96: 800 | T96: 821 | U96: 650 | V96: =IFERROR(__xludf.DUMMYFUNCTION("IFERROR(REGEXEXTRACT(A96,""G2-B-(\d+)""),"""")"),"200") -> 200 | W96: =IF(OR(X96="", Y96=""), "", X96+Y96) -> 2 | X96: =IFERROR(__xludf.DUMMYFUNCTION("IFERROR(VALUE(REGEXEXTRACT(A96,""\b(\d+)/\d+\b"")),"""")"),1.0) -> 1 | Y96: =IFERROR(__xludf.DUMMYFUNCTION("IFERROR(VALUE(REGEXEXTRACT(A96,""\b\d+/(\d+)\b"")),"""") "),1.0) -> 1 | Z96: {=IFERROR(INDEX(CRV!BU:BU, MATCH(B96, CRV!A:A, 0)), "")} -> 22 | AA96: {=IFERROR(INDEX(CRV!BV:BV, MATCH(B96, CRV!A:A, 0))*X96+4.5*2+7, "")} -> 56.5 | AB96: {=IFERROR(IF(VALUE(XLOOKUP($B96,CRV!$A:$A,CRV!$BU:$BU))<=5.5,"прямой пуск (DOL)","звезда-треугольник (SD)"),"")} -> звезда-треугольник (SD) | AC96: {=IFERROR(INDEX(CRV!CA:CA, MATCH(B96, CRV!A:A, 0)), "")} -> HQQE | AD96: {=IFERROR(AD95-W96*XLOOKUP($B95,CRV!$A:$A,CRV!$BY:$BY)+W96*XLOOKUP($B96,CRV!$A:$A,CRV!$BY:$BY),"ошибка")} -> 964 | AE96: При заказе
A97: Hydro-FS-A 1/1 CRV 64-5-2 G2-B-200-16 | B97: =IFERROR(__xludf.DUMMYFUNCTION("IFERROR(IF(REGEXMATCH(REGEXEXTRACT(A97,""\bCRV\s*\d+(?:-\d+)+(?:-(?:A?BI|AI|BI))?\b""),""-(?:A?BI|AI|BI)$""),REGEXREPLACE(REGEXEXTRACT(A97,""\bCRV\s*\d+(?:-\d+)+(?:-(?:A?BI|AI|BI))?\b""),""-(A?BI|AI|BI)$"",""C$1""),REGEXEXTRACT(A97,""\bCRV\s*\d+(?:-\d+)+("&"?:-(?:A?BI|AI|BI))?\b"")&""C""),"""")"),"CRV 64-5-2C") -> CRV 64-5-2C | C97: 1700 | D97: {=IFERROR(D96-(INDEX(CRV!$BA:$BA,MATCH(B96,CRV!$A:$A,0))+INDEX(CRV!$BB:$BB,MATCH(B96,CRV!$A:$A,0)))+(INDEX(CRV!$BA:$BA,MATCH(B97,CRV!$A:$A,0))+INDEX(CRV!$BB:$BB,MATCH(B97,CRV!$A:$A,0))),"")} -> 1869 | E97: 390 | F97: 722 | G97: 657 | H97: 1943 | I97: 1379 | J97: 2121 | K97: 1684 | L97: 548 | M97: 588 | N97: 1644 | O97: 150 | Q97: 12 отв. ø16 | R97: 1000 | S97: 800 | T97: 821 | U97: 650 | V97: =IFERROR(__xludf.DUMMYFUNCTION("IFERROR(REGEXEXTRACT(A97,""G2-B-(\d+)""),"""")"),"200") -> 200 | W97: =IF(OR(X97="", Y97=""), "", X97+Y97) -> 2 | X97: =IFERROR(__xludf.DUMMYFUNCTION("IFERROR(VALUE(REGEXEXTRACT(A97,""\b(\d+)/\d+\b"")),"""")"),1.0) -> 1 | Y97: =IFERROR(__xludf.DUMMYFUNCTION("IFERROR(VALUE(REGEXEXTRACT(A97,""\b\d+/(\d+)\b"")),"""") "),1.0) -> 1 | Z97: {=IFERROR(INDEX(CRV!BU:BU, MATCH(B97, CRV!A:A, 0)), "")} -> 30 | AA97: {=IFERROR(INDEX(CRV!BV:BV, MATCH(B97, CRV!A:A, 0))*X97+4.5*2+7, "")} -> 70.9 | AB97: {=IFERROR(IF(VALUE(XLOOKUP($B97,CRV!$A:$A,CRV!$BU:$BU))<=5.5,"прямой пуск (DOL)","звезда-треугольник (SD)"),"")} -> звезда-треугольник (SD) | AC97: {=IFERROR(INDEX(CRV!CA:CA, MATCH(B97, CRV!A:A, 0)), "")} -> HQQE | AD97: {=IFERROR(AD96-W97*XLOOKUP($B96,CRV!$A:$A,CRV!$BY:$BY)+W97*XLOOKUP($B97,CRV!$A:$A,CRV!$BY:$BY),"ошибка")} -> 1134 | AE97: При заказе
A98: Hydro-FS-A 1/1 CRV 64-5-1 G2-B-200-16 | B98: =IFERROR(__xludf.DUMMYFUNCTION("IFERROR(IF(REGEXMATCH(REGEXEXTRACT(A98,""\bCRV\s*\d+(?:-\d+)+(?:-(?:A?BI|AI|BI))?\b""),""-(?:A?BI|AI|BI)$""),REGEXREPLACE(REGEXEXTRACT(A98,""\bCRV\s*\d+(?:-\d+)+(?:-(?:A?BI|AI|BI))?\b""),""-(A?BI|AI|BI)$"",""C$1""),REGEXEXTRACT(A98,""\bCRV\s*\d+(?:-\d+)+("&"?:-(?:A?BI|AI|BI))?\b"")&""C""),"""")"),"CRV 64-5-1C") -> CRV 64-5-1C | C98: 1700 | D98: {=IFERROR(D97-(INDEX(CRV!$BA:$BA,MATCH(B97,CRV!$A:$A,0))+INDEX(CRV!$BB:$BB,MATCH(B97,CRV!$A:$A,0)))+(INDEX(CRV!$BA:$BA,MATCH(B98,CRV!$A:$A,0))+INDEX(CRV!$BB:$BB,MATCH(B98,CRV!$A:$A,0))),"")} -> 1869 | E98: 390 | F98: 722 | G98: 657 | H98: 1943 | I98: 1379 | J98: 2121 | K98: 1684 | L98: 548 | M98: 588 | N98: 1644 | O98: 150 | Q98: 12 отв. ø16 | R98: 1000 | S98: 800 | T98: 821 | U98: 650 | V98: =IFERROR(__xludf.DUMMYFUNCTION("IFERROR(REGEXEXTRACT(A98,""G2-B-(\d+)""),"""")"),"200") -> 200 | W98: =IF(OR(X98="", Y98=""), "", X98+Y98) -> 2 | X98: =IFERROR(__xludf.DUMMYFUNCTION("IFERROR(VALUE(REGEXEXTRACT(A98,""\b(\d+)/\d+\b"")),"""")"),1.0) -> 1 | Y98: =IFERROR(__xludf.DUMMYFUNCTION("IFERROR(VALUE(REGEXEXTRACT(A98,""\b\d+/(\d+)\b"")),"""") "),1.0) -> 1 | Z98: {=IFERROR(INDEX(CRV!BU:BU, MATCH(B98, CRV!A:A, 0)), "")} -> 30 | AA98: {=IFERROR(INDEX(CRV!BV:BV, MATCH(B98, CRV!A:A, 0))*X98+4.5*2+7, "")} -> 70.9 | AB98: {=IFERROR(IF(VALUE(XLOOKUP($B98,CRV!$A:$A,CRV!$BU:$BU))<=5.5,"прямой пуск (DOL)","звезда-треугольник (SD)"),"")} -> звезда-треугольник (SD) | AC98: {=IFERROR(INDEX(CRV!CA:CA, MATCH(B98, CRV!A:A, 0)), "")} -> HQQE | AD98: {=IFERROR(AD97-W98*XLOOKUP($B97,CRV!$A:$A,CRV!$BY:$BY)+W98*XLOOKUP($B98,CRV!$A:$A,CRV!$BY:$BY),"ошибка")} -> 1134 | AE98: При заказе
A99: Hydro-FS-A 1/1 CRV 64-5 G2-B-200-16 | B99: =IFERROR(__xludf.DUMMYFUNCTION("IFERROR(IF(REGEXMATCH(REGEXEXTRACT(A99,""\bCRV\s*\d+(?:-\d+)+(?:-(?:A?BI|AI|BI))?\b""),""-(?:A?BI|AI|BI)$""),REGEXREPLACE(REGEXEXTRACT(A99,""\bCRV\s*\d+(?:-\d+)+(?:-(?:A?BI|AI|BI))?\b""),""-(A?BI|AI|BI)$"",""C$1""),REGEXEXTRACT(A99,""\bCRV\s*\d+(?:-\d+)+("&"?:-(?:A?BI|AI|BI))?\b"")&""C""),"""")"),"CRV 64-5C") -> CRV 64-5C | C99: 1700 | D99: {=IFERROR(D98-(INDEX(CRV!$BA:$BA,MATCH(B98,CRV!$A:$A,0))+INDEX(CRV!$BB:$BB,MATCH(B98,CRV!$A:$A,0)))+(INDEX(CRV!$BA:$BA,MATCH(B99,CRV!$A:$A,0))+INDEX(CRV!$BB:$BB,MATCH(B99,CRV!$A:$A,0))),"")} -> 1869 | E99: 390 | F99: 722 | G99: 657 | H99: 1943 | I99: 1379 | J99: 2121 | K99: 1684 | L99: 548 | M99: 588 | N99: 1644 | O99: 150 | Q99: 12 отв. ø16 | R99: 1000 | S99: 800 | T99: 821 | U99: 650 | V99: =IFERROR(__xludf.DUMMYFUNCTION("IFERROR(REGEXEXTRACT(A99,""G2-B-(\d+)""),"""")"),"200") -> 200 | W99: =IF(OR(X99="", Y99=""), "", X99+Y99) -> 2 | X99: =IFERROR(__xludf.DUMMYFUNCTION("IFERROR(VALUE(REGEXEXTRACT(A99,""\b(\d+)/\d+\b"")),"""")"),1.0) -> 1 | Y99: =IFERROR(__xludf.DUMMYFUNCTION("IFERROR(VALUE(REGEXEXTRACT(A99,""\b\d+/(\d+)\b"")),"""") "),1.0) -> 1 | Z99: {=IFERROR(INDEX(CRV!BU:BU, MATCH(B99, CRV!A:A, 0)), "")} -> 30 | AA99: {=IFERROR(INDEX(CRV!BV:BV, MATCH(B99, CRV!A:A, 0))*X99+4.5*2+7, "")} -> 70.9 | AB99: {=IFERROR(IF(VALUE(XLOOKUP($B99,CRV!$A:$A,CRV!$BU:$BU))<=5.5,"прямой пуск (DOL)","звезда-треугольник (SD)"),"")} -> звезда-треугольник (SD) | AC99: {=IFERROR(INDEX(CRV!CA:CA, MATCH(B99, CRV!A:A, 0)), "")} -> HQQE | AD99: {=IFERROR(AD98-W99*XLOOKUP($B98,CRV!$A:$A,CRV!$BY:$BY)+W99*XLOOKUP($B99,CRV!$A:$A,CRV!$BY:$BY),"ошибка")} -> 1134 | AE99: При заказе
A100: Hydro-FS-A 1/1 CRV 64-6-2 G2-B-200-25 | B100: =IFERROR(__xludf.DUMMYFUNCTION("IFERROR(IF(REGEXMATCH(REGEXEXTRACT(A100,""\bCRV\s*\d+(?:-\d+)+(?:-(?:A?BI|AI|BI))?\b""),""-(?:A?BI|AI|BI)$""),REGEXREPLACE(REGEXEXTRACT(A100,""\bCRV\s*\d+(?:-\d+)+(?:-(?:A?BI|AI|BI))?\b""),""-(A?BI|AI|BI)$"",""C$1""),REGEXEXTRACT(A100,""\bCRV\s*\d+(?:-\d+"&")+(?:-(?:A?BI|AI|BI))?\b"")&""C""),"""")"),"CRV 64-6-2C") -> CRV 64-6-2C | C100: 1700 | D100: {=IFERROR(D99-(INDEX(CRV!$BA:$BA,MATCH(B99,CRV!$A:$A,0))+INDEX(CRV!$BB:$BB,MATCH(B99,CRV!$A:$A,0)))+(INDEX(CRV!$BA:$BA,MATCH(B100,CRV!$A:$A,0))+INDEX(CRV!$BB:$BB,MATCH(B100,CRV!$A:$A,0))),"")} -> 1949 | E100: 390 | F100: 722 | G100: 657 | H100: 1943 | I100: 1379 | J100: 2121 | K100: 1684 | L100: 548 | M100: 588 | N100: 1644 | O100: 150 | Q100: 12 отв. ø16 | R100: 1000 | S100: 800 | T100: 821 | U100: 650 | V100: =IFERROR(__xludf.DUMMYFUNCTION("IFERROR(REGEXEXTRACT(A100,""G2-B-(\d+)""),"""")"),"200") -> 200 | W100: =IF(OR(X100="", Y100=""), "", X100+Y100) -> 2 | X100: =IFERROR(__xludf.DUMMYFUNCTION("IFERROR(VALUE(REGEXEXTRACT(A100,""\b(\d+)/\d+\b"")),"""")"),1.0) -> 1 | Y100: =IFERROR(__xludf.DUMMYFUNCTION("IFERROR(VALUE(REGEXEXTRACT(A100,""\b\d+/(\d+)\b"")),"""") "),1.0) -> 1 | Z100: {=IFERROR(INDEX(CRV!BU:BU, MATCH(B100, CRV!A:A, 0)), "")} -> 30 | AA100: {=IFERROR(INDEX(CRV!BV:BV, MATCH(B100, CRV!A:A, 0))*X100+4.5*2+7, "")} -> 70.9 | AB100: {=IFERROR(IF(VALUE(XLOOKUP($B100,CRV!$A:$A,CRV!$BU:$BU))<=5.5,"прямой пуск (DOL)","звезда-треугольник (SD)"),"")} -> звезда-треугольник (SD) | AC100: {=IFERROR(INDEX(CRV!CA:CA, MATCH(B100, CRV!A:A, 0)), "")} -> HQQE | AD100: {=IFERROR(AD99-W100*XLOOKUP($B99,CRV!$A:$A,CRV!$BY:$BY)+W100*XLOOKUP($B100,CRV!$A:$A,CRV!$BY:$BY),"ошибка")} -> 1144 | AE100: При заказе
...

Sheet HFS_NBV
A1: Наименование продукта: | B1: Насос | C1: В | D1: В1 | E1: В2 | F1: Ш1 | G1: Ш2 | H1: Ш3 | I1: Шобщ | J1: Р1 | K1: Р2 | L1: Р3 | M1: Р4 | N1: РП | O1: РВ | P1: ПАЗ | Q1: ОТВ-Е | R1: ВШ | S1: ШШ | T1: ШО | U1: К | V1: DN | W1: Общее кол-во | X1: Основа | Y1: Резерв | Z1: Мощность | AA1: Ток | AB1: Схема пуска | AC1: Торцевое | AD1: Масса нетто | AE1: Артикул
A2: Hydro-FS-A 1/1 CRV 10-1 G2-B-80-16 | B2: =IFERROR(__xludf.DUMMYFUNCTION("IFERROR(IF(REGEXMATCH(REGEXEXTRACT(A2,""\bCRV\s*\d+(?:-\d+)+(?:-(?:A?BI|AI|BI))?\b""),""-(?:A?BI|AI|BI)$""),REGEXREPLACE(REGEXEXTRACT(A2,""\bCRV\s*\d+(?:-\d+)+(?:-(?:A?BI|AI|BI))?\b""),""-(A?BI|AI|BI)$"",""C$1""),REGEXEXTRACT(A2,""\bCRV\s*\d+(?:-\d+)+(?:-"&"(?:A?BI|AI|BI))?\b"")&""C""),"""")"),"CRV 10-1C") -> CRV 10-1C | C2: 1650 | D2: {=IFERROR(XLOOKUP($B2,CRV!$A:$A,CRV!$BA:$BA)+XLOOKUP($B2,CRV!$A:$A,CRV!$BB:$BB)+$O2,"")} -> 613 | E2: 180 | F2: 565 | G2: 520 | H2: 1549 | I2: 1085 | J2: 1760 | K2: 427 | N2: 385 | O2: 100 | Q2: 12 отв. ø16 | R2: 1000 | S2: 800 | T2: 860 | U2: 450 | W2: =IF(OR(X2="", Y2=""), "", X2+Y2) -> 2 | X2: =IFERROR(__xludf.DUMMYFUNCTION("IFERROR(VALUE(REGEXEXTRACT(A2,""\b(\d+)/\d+\b"")),"""")"),1.0) -> 1 | Y2: =IFERROR(__xludf.DUMMYFUNCTION("IFERROR(VALUE(REGEXEXTRACT(A2,""\b\d+/(\d+)\b"")),"""") "),1.0) -> 1 | Z2: {=IFERROR(INDEX(CRV!BU:BU, MATCH(B2, CRV!A:A, 0)), "")} -> 0.37 | AA2: {=IFERROR(INDEX(CRV!BV:BV, MATCH(B2, CRV!A:A, 0))*X2+4.5*2+7, "")} -> 17.6 | AB2: {=IFERROR(IF(VALUE(XLOOKUP($B2,CRV!$A:$A,CRV!$BU:$BU))<=5.5,"прямой пуск (DOL)","звезда-треугольник (SD)"),"")} -> прямой пуск (DOL) | AC2: {=IFERROR(INDEX(CRV!CA:CA, MATCH(B2, CRV!A:A, 0)), "")} -> HQQE | AD2: 239 | AE2: 75211384
A3: Hydro-FS-A 1/1 CRV 10-2 G2-B-80-16 | B3: =IFERROR(__xludf.DUMMYFUNCTION("IFERROR(IF(REGEXMATCH(REGEXEXTRACT(A3,""\bCRV\s*\d+(?:-\d+)+(?:-(?:A?BI|AI|BI))?\b""),""-(?:A?BI|AI|BI)$""),REGEXREPLACE(REGEXEXTRACT(A3,""\bCRV\s*\d+(?:-\d+)+(?:-(?:A?BI|AI|BI))?\b""),""-(A?BI|AI|BI)$"",""C$1""),REGEXEXTRACT(A3,""\bCRV\s*\d+(?:-\d+)+(?:-"&"(?:A?BI|AI|BI))?\b"")&""C""),"""")"),"CRV 10-2C") -> CRV 10-2C | C3: 1650 | D3: {=IFERROR(XLOOKUP($B3,CRV!$A:$A,CRV!$BA:$BA)+XLOOKUP($B3,CRV!$A:$A,CRV!$BB:$BB)+$O3,"")} -> 643 | E3: 180 | F3: 565 | G3: 520 | H3: 1549 | I3: 1085 | J3: 1760 | K3: 427 | N3: 385 | O3: 100 | Q3: 12 отв. ø16 | R3: 1000 | S3: 800 | T3: 860 | U3: 450 | W3: =IF(OR(X3="", Y3=""), "", X3+Y3) -> 2 | X3: =IFERROR(__xludf.DUMMYFUNCTION("IFERROR(VALUE(REGEXEXTRACT(A3,""\b(\d+)/\d+\b"")),"""")"),1.0) -> 1 | Y3: =IFERROR(__xludf.DUMMYFUNCTION("IFERROR(VALUE(REGEXEXTRACT(A3,""\b\d+/(\d+)\b"")),"""") "),1.0) -> 1 | Z3: {=IFERROR(INDEX(CRV!BU:BU, MATCH(B3, CRV!A:A, 0)), "")} -> 0.75 | AA3: {=IFERROR(INDEX(CRV!BV:BV, MATCH(B3, CRV!A:A, 0))*X3+4.5*2+7, "")} -> 19 | AB3: {=IFERROR(IF(VALUE(XLOOKUP($B3,CRV!$A:$A,CRV!$BU:$BU))<=5.5,"прямой пуск (DOL)","звезда-треугольник (SD)"),"")} -> прямой пуск (DOL) | AC3: {=IFERROR(INDEX(CRV!CA:CA, MATCH(B3, CRV!A:A, 0)), "")} -> HQQE | AD3: 243 | AE3: 75211387
A4: Hydro-FS-A 1/1 CRV 10-3 G2-B-80-16 | B4: =IFERROR(__xludf.DUMMYFUNCTION("IFERROR(IF(REGEXMATCH(REGEXEXTRACT(A4,""\bCRV\s*\d+(?:-\d+)+(?:-(?:A?BI|AI|BI))?\b""),""-(?:A?BI|AI|BI)$""),REGEXREPLACE(REGEXEXTRACT(A4,""\bCRV\s*\d+(?:-\d+)+(?:-(?:A?BI|AI|BI))?\b""),""-(A?BI|AI|BI)$"",""C$1""),REGEXEXTRACT(A4,""\bCRV\s*\d+(?:-\d+)+(?:-"&"(?:A?BI|AI|BI))?\b"")&""C""),"""")"),"CRV 10-3C") -> CRV 10-3C | C4: 1650 | D4: {=IFERROR(XLOOKUP($B4,CRV!$A:$A,CRV!$BA:$BA)+XLOOKUP($B4,CRV!$A:$A,CRV!$BB:$BB)+$O4,"")} -> 710 | E4: 180 | F4: 565 | G4: 520 | H4: 1549 | I4: 1085 | J4: 1760 | K4: 427 | N4: 385 | O4: 100 | Q4: 12 отв. ø16 | R4: 1000 | S4: 800 | T4: 860 | U4: 450 | W4: =IF(OR(X4="", Y4=""), "", X4+Y4) -> 2 | X4: =IFERROR(__xludf.DUMMYFUNCTION("IFERROR(VALUE(REGEXEXTRACT(A4,""\b(\d+)/\d+\b"")),"""")"),1.0) -> 1 | Y4: =IFERROR(__xludf.DUMMYFUNCTION("IFERROR(VALUE(REGEXEXTRACT(A4,""\b\d+/(\d+)\b"")),"""") "),1.0) -> 1 | Z4: {=IFERROR(INDEX(CRV!BU:BU, MATCH(B4, CRV!A:A, 0)), "")} -> 1.1 | AA4: {=IFERROR(INDEX(CRV!BV:BV, MATCH(B4, CRV!A:A, 0))*X4+4.5*2+7, "")} -> 20.2 | AB4: {=IFERROR(IF(VALUE(XLOOKUP($B4,CRV!$A:$A,CRV!$BU:$BU))<=5.5,"прямой пуск (DOL)","звезда-треугольник (SD)"),"")} -> прямой пуск (DOL) | AC4: {=IFERROR(INDEX(CRV!CA:CA, MATCH(B4, CRV!A:A, 0)), "")} -> HQQE | AD4: 251 | AE4: 75211388
A5: Hydro-FS-A 1/1 CRV 10-4 G2-B-80-16 | B5: =IFERROR(__xludf.DUMMYFUNCTION("IFERROR(IF(REGEXMATCH(REGEXEXTRACT(A5,""\bCRV\s*\d+(?:-\d+)+(?:-(?:A?BI|AI|BI))?\b""),""-(?:A?BI|AI|BI)$""),REGEXREPLACE(REGEXEXTRACT(A5,""\bCRV\s*\d+(?:-\d+)+(?:-(?:A?BI|AI|BI))?\b""),""-(A?BI|AI|BI)$"",""C$1""),REGEXEXTRACT(A5,""\bCRV\s*\d+(?:-\d+)+(?:-"&"(?:A?BI|AI|BI))?\b"")&""C""),"""")"),"CRV 10-4C") -> CRV 10-4C | C5: 1650 | D5: {=IFERROR(XLOOKUP($B5,CRV!$A:$A,CRV!$BA:$BA)+XLOOKUP($B5,CRV!$A:$A,CRV!$BB:$BB)+$O5,"")} -> 740 | E5: 180 | F5: 565 | G5: 520 | H5: 1549 | I5: 1085 | J5: 1760 | K5: 427 | N5: 385 | O5: 100 | Q5: 12 отв. ø16 | R5: 1000 | S5: 800 | T5: 860 | U5: 450 | W5: =IF(OR(X5="", Y5=""), "", X5+Y5) -> 2 | X5: =IFERROR(__xludf.DUMMYFUNCTION("IFERROR(VALUE(REGEXEXTRACT(A5,""\b(\d+)/\d+\b"")),"""")"),1.0) -> 1 | Y5: =IFERROR(__xludf.DUMMYFUNCTION("IFERROR(VALUE(REGEXEXTRACT(A5,""\b\d+/(\d+)\b"")),"""") "),1.0) -> 1 | Z5: {=IFERROR(INDEX(CRV!BU:BU, MATCH(B5, CRV!A:A, 0)), "")} -> 1.5 | AA5: {=IFERROR(INDEX(CRV!BV:BV, MATCH(B5, CRV!A:A, 0))*X5+4.5*2+7, "")} -> 21.6 | AB5: {=IFERROR(IF(VALUE(XLOOKUP($B5,CRV!$A:$A,CRV!$BU:$BU))<=5.5,"прямой пуск (DOL)","звезда-треугольник (SD)"),"")} -> прямой пуск (DOL) | AC5: {=IFERROR(INDEX(CRV!CA:CA, MATCH(B5, CRV!A:A, 0)), "")} -> HQQE | AD5: 267 | AE5: 75211385
A6: Hydro-FS-A 1/1 CRV 10-5 G2-B-80-16 | B6: =IFERROR(__xludf.DUMMYFUNCTION("IFERROR(IF(REGEXMATCH(REGEXEXTRACT(A6,""\bCRV\s*\d+(?:-\d+)+(?:-(?:A?BI|AI|BI))?\b""),""-(?:A?BI|AI|BI)$""),REGEXREPLACE(REGEXEXTRACT(A6,""\bCRV\s*\d+(?:-\d+)+(?:-(?:A?BI|AI|BI))?\b""),""-(A?BI|AI|BI)$"",""C$1""),REGEXEXTRACT(A6,""\bCRV\s*\d+(?:-\d+)+(?:-"&"(?:A?BI|AI|BI))?\b"")&""C""),"""")"),"CRV 10-5C") -> CRV 10-5C | C6: 1650 | D6: {=IFERROR(XLOOKUP($B6,CRV!$A:$A,CRV!$BA:$BA)+XLOOKUP($B6,CRV!$A:$A,CRV!$BB:$BB)+$O6,"")} -> 822 | E6: 180 | F6: 565 | G6: 520 | H6: 1549 | I6: 1085 | J6: 1760 | K6: 427 | N6: 385 | O6: 100 | Q6: 12 отв. ø16 | R6: 1000 | S6: 800 | T6: 860 | U6: 450 | W6: =IF(OR(X6="", Y6=""), "", X6+Y6) -> 2 | X6: =IFERROR(__xludf.DUMMYFUNCTION("IFERROR(VALUE(REGEXEXTRACT(A6,""\b(\d+)/\d+\b"")),"""")"),1.0) -> 1 | Y6: =IFERROR(__xludf.DUMMYFUNCTION("IFERROR(VALUE(REGEXEXTRACT(A6,""\b\d+/(\d+)\b"")),"""") "),1.0) -> 1 | Z6: {=IFERROR(INDEX(CRV!BU:BU, MATCH(B6, CRV!A:A, 0)), "")} -> 2.2 | AA6: {=IFERROR(INDEX(CRV!BV:BV, MATCH(B6, CRV!A:A, 0))*X6+4.5*2+7, "")} -> 23.9 | AB6: {=IFERROR(IF(VALUE(XLOOKUP($B6,CRV!$A:$A,CRV!$BU:$BU))<=5.5,"прямой пуск (DOL)","звезда-треугольник (SD)"),"")} -> прямой пуск (DOL) | AC6: {=IFERROR(INDEX(CRV!CA:CA, MATCH(B6, CRV!A:A, 0)), "")} -> HQQE | AD6: 269 | AE6: 75211371
A7: Hydro-FS-A 1/1 CRV 10-6 G2-B-80-16 | B7: =IFERROR(__xludf.DUMMYFUNCTION("IFERROR(IF(REGEXMATCH(REGEXEXTRACT(A7,""\bCRV\s*\d+(?:-\d+)+(?:-(?:A?BI|AI|BI))?\b""),""-(?:A?BI|AI|BI)$""),REGEXREPLACE(REGEXEXTRACT(A7,""\bCRV\s*\d+(?:-\d+)+(?:-(?:A?BI|AI|BI))?\b""),""-(A?BI|AI|BI)$"",""C$1""),REGEXEXTRACT(A7,""\bCRV\s*\d+(?:-\d+)+(?:-"&"(?:A?BI|AI|BI))?\b"")&""C""),"""")"),"CRV 10-6C") -> CRV 10-6C | C7: 1650 | D7: {=IFERROR(XLOOKUP($B7,CRV!$A:$A,CRV!$BA:$BA)+XLOOKUP($B7,CRV!$A:$A,CRV!$BB:$BB)+$O7,"")} -> 852 | E7: 180 | F7: 565 | G7: 520 | H7: 1549 | I7: 1085 | J7: 1760 | K7: 427 | N7: 385 | O7: 100 | Q7: 12 отв. ø16 | R7: 1000 | S7: 800 | T7: 860 | U7: 450 | W7: =IF(OR(X7="", Y7=""), "", X7+Y7) -> 2 | X7: =IFERROR(__xludf.DUMMYFUNCTION("IFERROR(VALUE(REGEXEXTRACT(A7,""\b(\d+)/\d+\b"")),"""")"),1.0) -> 1 | Y7: =IFERROR(__xludf.DUMMYFUNCTION("IFERROR(VALUE(REGEXEXTRACT(A7,""\b\d+/(\d+)\b"")),"""") "),1.0) -> 1 | Z7: {=IFERROR(INDEX(CRV!BU:BU, MATCH(B7, CRV!A:A, 0)), "")} -> 2.2 | AA7: {=IFERROR(INDEX(CRV!BV:BV, MATCH(B7, CRV!A:A, 0))*X7+4.5*2+7, "")} -> 23.9 | AB7: {=IFERROR(IF(VALUE(XLOOKUP($B7,CRV!$A:$A,CRV!$BU:$BU))<=5.5,"прямой пуск (DOL)","звезда-треугольник (SD)"),"")} -> прямой пуск (DOL) | AC7: {=IFERROR(INDEX(CRV!CA:CA, MATCH(B7, CRV!A:A, 0)), "")} -> HQQE | AD7: 271 | AE7: 75211389
A8: Hydro-FS-A 1/1 CRV 10-9 G2-B-80-16 | B8: =IFERROR(__xludf.DUMMYFUNCTION("IFERROR(IF(REGEXMATCH(REGEXEXTRACT(A8,""\bCRV\s*\d+(?:-\d+)+(?:-(?:A?BI|AI|BI))?\b""),""-(?:A?BI|AI|BI)$""),REGEXREPLACE(REGEXEXTRACT(A8,""\bCRV\s*\d+(?:-\d+)+(?:-(?:A?BI|AI|BI))?\b""),""-(A?BI|AI|BI)$"",""C$1""),REGEXEXTRACT(A8,""\bCRV\s*\d+(?:-\d+)+(?:-"&"(?:A?BI|AI|BI))?\b"")&""C""),"""")"),"CRV 10-9C") -> CRV 10-9C | C8: 1650 | D8: {=IFERROR(XLOOKUP($B8,CRV!$A:$A,CRV!$BA:$BA)+XLOOKUP($B8,CRV!$A:$A,CRV!$BB:$BB)+$O8,"")} -> 962 | E8: 180 | F8: 565 | G8: 520 | H8: 1549 | I8: 1085 | J8: 1760 | K8: 427 | N8: 385 | O8: 100 | Q8: 12 отв. ø16 | R8: 1000 | S8: 800 | T8: 860 | U8: 450 | W8: =IF(OR(X8="", Y8=""), "", X8+Y8) -> 2 | X8: =IFERROR(__xludf.DUMMYFUNCTION("IFERROR(VALUE(REGEXEXTRACT(A8,""\b(\d+)/\d+\b"")),"""")"),1.0) -> 1 | Y8: =IFERROR(__xludf.DUMMYFUNCTION("IFERROR(VALUE(REGEXEXTRACT(A8,""\b\d+/(\d+)\b"")),"""") "),1.0) -> 1 | Z8: {=IFERROR(INDEX(CRV!BU:BU, MATCH(B8, CRV!A:A, 0)), "")} -> 3 | AA8: {=IFERROR(INDEX(CRV!BV:BV, MATCH(B8, CRV!A:A, 0))*X8+4.5*2+7, "")} -> 26.4 | AB8: {=IFERROR(IF(VALUE(XLOOKUP($B8,CRV!$A:$A,CRV!$BU:$BU))<=5.5,"прямой пуск (DOL)","звезда-треугольник (SD)"),"")} -> прямой пуск (DOL) | AC8: {=IFERROR(INDEX(CRV!CA:CA, MATCH(B8, CRV!A:A, 0)), "")} -> HQQE | AD8: 287 | AE8: 75211376
A9: Hydro-FS-A 1/1 CRV 10-12 G2-B-80-16 | B9: =IFERROR(__xludf.DUMMYFUNCTION("IFERROR(IF(REGEXMATCH(REGEXEXTRACT(A9,""\bCRV\s*\d+(?:-\d+)+(?:-(?:A?BI|AI|BI))?\b""),""-(?:A?BI|AI|BI)$""),REGEXREPLACE(REGEXEXTRACT(A9,""\bCRV\s*\d+(?:-\d+)+(?:-(?:A?BI|AI|BI))?\b""),""-(A?BI|AI|BI)$"",""C$1""),REGEXEXTRACT(A9,""\bCRV\s*\d+(?:-\d+)+(?:-"&"(?:A?BI|AI|BI))?\b"")&""C""),"""")"),"CRV 10-12C") -> CRV 10-12C | C9: 1650 | D9: {=IFERROR(XLOOKUP($B9,CRV!$A:$A,CRV!$BA:$BA)+XLOOKUP($B9,CRV!$A:$A,CRV!$BB:$BB)+$O9,"")} -> 1085 | E9: 180 | F9: 565 | G9: 520 | H9: 1549 | I9: 1085 | J9: 1760 | K9: 427 | N9: 385 | O9: 100 | Q9: 12 отв. ø16 | R9: 1000 | S9: 800 | T9: 860 | U9: 450 | W9: =IF(OR(X9="", Y9=""), "", X9+Y9) -> 2 | X9: =IFERROR(__xludf.DUMMYFUNCTION("IFERROR(VALUE(REGEXEXTRACT(A9,""\b(\d+)/\d+\b"")),"""")"),1.0) -> 1 | Y9: =IFERROR(__xludf.DUMMYFUNCTION("IFERROR(VALUE(REGEXEXTRACT(A9,""\b\d+/(\d+)\b"")),"""") "),1.0) -> 1 | Z9: {=IFERROR(INDEX(CRV!BU:BU, MATCH(B9, CRV!A:A, 0)), "")} -> 4 | AA9: {=IFERROR(INDEX(CRV!BV:BV, MATCH(B9, CRV!A:A, 0))*X9+4.5*2+7, "")} -> 23.8 | AB9: {=IFERROR(IF(VALUE(XLOOKUP($B9,CRV!$A:$A,CRV!$BU:$BU))<=5.5,"прямой пуск (DOL)","звезда-треугольник (SD)"),"")} -> прямой пуск (DOL) | AC9: {=IFERROR(INDEX(CRV!CA:CA, MATCH(B9, CRV!A:A, 0)), "")} -> HQQE | AD9: 315 | AE9: 75211390
A10: Hydro-FS-A 1/1 CRV 10-14 G2-B-80-16 | B10: =IFERROR(__xludf.DUMMYFUNCTION("IFERROR(IF(REGEXMATCH(REGEXEXTRACT(A10,""\bCRV\s*\d+(?:-\d+)+(?:-(?:A?BI|AI|BI))?\b""),""-(?:A?BI|AI|BI)$""),REGEXREPLACE(REGEXEXTRACT(A10,""\bCRV\s*\d+(?:-\d+)+(?:-(?:A?BI|AI|BI))?\b""),""-(A?BI|AI|BI)$"",""C$1""),REGEXEXTRACT(A10,""\bCRV\s*\d+(?:-\d+)+("&"?:-(?:A?BI|AI|BI))?\b"")&""C""),"""")"),"CRV 10-14C") -> CRV 10-14C | C10: 1650 | D10: {=IFERROR(XLOOKUP($B10,CRV!$A:$A,CRV!$BA:$BA)+XLOOKUP($B10,CRV!$A:$A,CRV!$BB:$BB)+$O10,"")} -> 1226 | E10: 180 | F10: 565 | G10: 520 | H10: 1549 | I10: 1085 | J10: 1760 | K10: 427 | N10: 385 | O10: 100 | Q10: 12 отв. ø16 | R10: 1000 | S10: 800 | T10: 860 | U10: 450 | W10: =IF(OR(X10="", Y10=""), "", X10+Y10) -> 2 | X10: =IFERROR(__xludf.DUMMYFUNCTION("IFERROR(VALUE(REGEXEXTRACT(A10,""\b(\d+)/\d+\b"")),"""")"),1.0) -> 1 | Y10: =IFERROR(__xludf.DUMMYFUNCTION("IFERROR(VALUE(REGEXEXTRACT(A10,""\b\d+/(\d+)\b"")),"""") "),1.0) -> 1 | Z10: {=IFERROR(INDEX(CRV!BU:BU, MATCH(B10, CRV!A:A, 0)), "")} -> 5.5 | AA10: {=IFERROR(INDEX(CRV!BV:BV, MATCH(B10, CRV!A:A, 0))*X10+4.5*2+7, "")} -> 26.6 | AB10: {=IFERROR(IF(VALUE(XLOOKUP($B10,CRV!$A:$A,CRV!$BU:$BU))<=5.5,"прямой пуск (DOL)","звезда-треугольник (SD)"),"")} -> прямой пуск (DOL) | AC10: {=IFERROR(INDEX(CRV!CA:CA, MATCH(B10, CRV!A:A, 0)), "")} -> HQQE | AD10: 359 | AE10: 75211391
A11: Hydro-FS-A 1/1 CRV 10-16 G2-B-80-25 | B11: =IFERROR(__xludf.DUMMYFUNCTION("IFERROR(IF(REGEXMATCH(REGEXEXTRACT(A11,""\bCRV\s*\d+(?:-\d+)+(?:-(?:A?BI|AI|BI))?\b""),""-(?:A?BI|AI|BI)$""),REGEXREPLACE(REGEXEXTRACT(A11,""\bCRV\s*\d+(?:-\d+)+(?:-(?:A?BI|AI|BI))?\b""),""-(A?BI|AI|BI)$"",""C$1""),REGEXEXTRACT(A11,""\bCRV\s*\d+(?:-\d+)+("&"?:-(?:A?BI|AI|BI))?\b"")&""C""),"""")"),"CRV 10-16C") -> CRV 10-16C | C11: 1650 | D11: {=IFERROR(XLOOKUP($B11,CRV!$A:$A,CRV!$BA:$BA)+XLOOKUP($B11,CRV!$A:$A,CRV!$BB:$BB)+$O11,"")} -> 1286 | E11: 180 | F11: 565 | G11: 520 | H11: 1549 | I11: 1085 | J11: 1760 | K11: 427 | N11: 385 | O11: 100 | Q11: 12 отв. ø16 | R11: 1000 | S11: 800 | T11: 860 | U11: 450 | W11: =IF(OR(X11="", Y11=""), "", X11+Y11) -> 2 | X11: =IFERROR(__xludf.DUMMYFUNCTION("IFERROR(VALUE(REGEXEXTRACT(A11,""\b(\d+)/\d+\b"")),"""")"),1.0) -> 1 | Y11: =IFERROR(__xludf.DUMMYFUNCTION("IFERROR(VALUE(REGEXEXTRACT(A11,""\b\d+/(\d+)\b"")),"""") "),1.0) -> 1 | Z11: {=IFERROR(INDEX(CRV!BU:BU, MATCH(B11, CRV!A:A, 0)), "")} -> 5.5 | AA11: {=IFERROR(INDEX(CRV!BV:BV, MATCH(B11, CRV!A:A, 0))*X11+4.5*2+7, "")} -> 26.6 | AB11: {=IFERROR(IF(VALUE(XLOOKUP($B11,CRV!$A:$A,CRV!$BU:$BU))<=5.5,"прямой пуск (DOL)","звезда-треугольник (SD)"),"")} -> прямой пуск (DOL) | AC11: {=IFERROR(INDEX(CRV!CA:CA, MATCH(B11, CRV!A:A, 0)), "")} -> HQQE | AD11: {=IFERROR(AD10-W11*XLOOKUP($B10,CRV!$A:$A,CRV!$BY:$BY)+W11*XLOOKUP($B11,CRV!$A:$A,CRV!$BY:$BY),"ошибка")} -> 363 | AE11: При заказе
A12: Hydro-FS-A 1/1 CRV 10-18 G2-B-80-25 | B12: =IFERROR(__xludf.DUMMYFUNCTION("IFERROR(IF(REGEXMATCH(REGEXEXTRACT(A12,""\bCRV\s*\d+(?:-\d+)+(?:-(?:A?BI|AI|BI))?\b""),""-(?:A?BI|AI|BI)$""),REGEXREPLACE(REGEXEXTRACT(A12,""\bCRV\s*\d+(?:-\d+)+(?:-(?:A?BI|AI|BI))?\b""),""-(A?BI|AI|BI)$"",""C$1""),REGEXEXTRACT(A12,""\bCRV\s*\d+(?:-\d+)+("&"?:-(?:A?BI|AI|BI))?\b"")&""C""),"""")"),"CRV 10-18C") -> CRV 10-18C | C12: 1650 | D12: {=IFERROR(XLOOKUP($B12,CRV!$A:$A,CRV!$BA:$BA)+XLOOKUP($B12,CRV!$A:$A,CRV!$BB:$BB)+$O12,"")} -> 1384 | E12: 180 | F12: 565 | G12: 520 | H12: 1549 | I12: 1085 | J12: 1760 | K12: 427 | N12: 385 | O12: 100 | Q12: 12 отв. ø16 | R12: 1000 | S12: 800 | T12: 860 | U12: 450 | W12: =IF(OR(X12="", Y12=""), "", X12+Y12) -> 2 | X12: =IFERROR(__xludf.DUMMYFUNCTION("IFERROR(VALUE(REGEXEXTRACT(A12,""\b(\d+)/\d+\b"")),"""")"),1.0) -> 1 | Y12: =IFERROR(__xludf.DUMMYFUNCTION("IFERROR(VALUE(REGEXEXTRACT(A12,""\b\d+/(\d+)\b"")),"""") "),1.0) -> 1 | Z12: {=IFERROR(INDEX(CRV!BU:BU, MATCH(B12, CRV!A:A, 0)), "")} -> 7.5 | AA12: {=IFERROR(INDEX(CRV!BV:BV, MATCH(B12, CRV!A:A, 0))*X12+4.5*2+7, "")} -> 30.4 | AB12: {=IFERROR(IF(VALUE(XLOOKUP($B12,CRV!$A:$A,CRV!$BU:$BU))<=5.5,"прямой пуск (DOL)","звезда-треугольник (SD)"),"")} -> звезда-треугольник (SD) | AC12: {=IFERROR(INDEX(CRV!CA:CA, MATCH(B12, CRV!A:A, 0)), "")} -> HQQE | AD12: {=IFERROR(AD11-W12*XLOOKUP($B11,CRV!$A:$A,CRV!$BY:$BY)+W12*XLOOKUP($B12,CRV!$A:$A,CRV!$BY:$BY),"ошибка")} -> 373 | AE12: При заказе
A13: Hydro-FS-A 1/1 CRV 10-20 G2-B-80-25 | B13: =IFERROR(__xludf.DUMMYFUNCTION("IFERROR(IF(REGEXMATCH(REGEXEXTRACT(A13,""\bCRV\s*\d+(?:-\d+)+(?:-(?:A?BI|AI|BI))?\b""),""-(?:A?BI|AI|BI)$""),REGEXREPLACE(REGEXEXTRACT(A13,""\bCRV\s*\d+(?:-\d+)+(?:-(?:A?BI|AI|BI))?\b""),""-(A?BI|AI|BI)$"",""C$1""),REGEXEXTRACT(A13,""\bCRV\s*\d+(?:-\d+)+("&"?:-(?:A?BI|AI|BI))?\b"")&""C""),"""")"),"CRV 10-20C") -> CRV 10-20C | C13: 1650 | D13: {=IFERROR(XLOOKUP($B13,CRV!$A:$A,CRV!$BA:$BA)+XLOOKUP($B13,CRV!$A:$A,CRV!$BB:$BB)+$O13,"")} -> 1444 | E13: 180 | F13: 565 | G13: 520 | H13: 1549 | I13: 1085 | J13: 1760 | K13: 427 | N13: 385 | O13: 100 | Q13: 12 отв. ø16 | R13: 1000 | S13: 800 | T13: 860 | U13: 450 | W13: =IF(OR(X13="", Y13=""), "", X13+Y13) -> 2 | X13: =IFERROR(__xludf.DUMMYFUNCTION("IFERROR(VALUE(REGEXEXTRACT(A13,""\b(\d+)/\d+\b"")),"""")"),1.0) -> 1 | Y13: =IFERROR(__xludf.DUMMYFUNCTION("IFERROR(VALUE(REGEXEXTRACT(A13,""\b\d+/(\d+)\b"")),"""") "),1.0) -> 1 | Z13: {=IFERROR(INDEX(CRV!BU:BU, MATCH(B13, CRV!A:A, 0)), "")} -> 7.5 | AA13: {=IFERROR(INDEX(CRV!BV:BV, MATCH(B13, CRV!A:A, 0))*X13+4.5*2+7, "")} -> 30.4 | AB13: {=IFERROR(IF(VALUE(XLOOKUP($B13,CRV!$A:$A,CRV!$BU:$BU))<=5.5,"прямой пуск (DOL)","звезда-треугольник (SD)"),"")} -> звезда-треугольник (SD) | AC13: {=IFERROR(INDEX(CRV!CA:CA, MATCH(B13, CRV!A:A, 0)), "")} -> HQQE | AD13: {=IFERROR(AD12-W13*XLOOKUP($B12,CRV!$A:$A,CRV!$BY:$BY)+W13*XLOOKUP($B13,CRV!$A:$A,CRV!$BY:$BY),"ошибка")} -> 377 | AE13: При заказе
A14: Hydro-FS-A 1/1 CRV 10-22 G2-B-80-25 | B14: =IFERROR(__xludf.DUMMYFUNCTION("IFERROR(IF(REGEXMATCH(REGEXEXTRACT(A14,""\bCRV\s*\d+(?:-\d+)+(?:-(?:A?BI|AI|BI))?\b""),""-(?:A?BI|AI|BI)$""),REGEXREPLACE(REGEXEXTRACT(A14,""\bCRV\s*\d+(?:-\d+)+(?:-(?:A?BI|AI|BI))?\b""),""-(A?BI|AI|BI)$"",""C$1""),REGEXEXTRACT(A14,""\bCRV\s*\d+(?:-\d+)+("&"?:-(?:A?BI|AI|BI))?\b"")&""C""),"""")"),"CRV 10-22C") -> CRV 10-22C | C14: 1650 | D14: {=IFERROR(XLOOKUP($B14,CRV!$A:$A,CRV!$BA:$BA)+XLOOKUP($B14,CRV!$A:$A,CRV!$BB:$BB)+$O14,"")} -> 1504 | E14: 180 | F14: 565 | G14: 520 | H14: 1549 | I14: 1085 | J14: 1760 | K14: 427 | N14: 385 | O14: 100 | Q14: 12 отв. ø16 | R14: 1000 | S14: 800 | T14: 860 | U14: 450 | W14: =IF(OR(X14="", Y14=""), "", X14+Y14) -> 2 | X14: =IFERROR(__xludf.DUMMYFUNCTION("IFERROR(VALUE(REGEXEXTRACT(A14,""\b(\d+)/\d+\b"")),"""")"),1.0) -> 1 | Y14: =IFERROR(__xludf.DUMMYFUNCTION("IFERROR(VALUE(REGEXEXTRACT(A14,""\b\d+/(\d+)\b"")),"""") "),1.0) -> 1 | Z14: {=IFERROR(INDEX(CRV!BU:BU, MATCH(B14, CRV!A:A, 0)), "")} -> 7.5 | AA14: {=IFERROR(INDEX(CRV!BV:BV, MATCH(B14, CRV!A:A, 0))*X14+4.5*2+7, "")} -> 30.4 | AB14: {=IFERROR(IF(VALUE(XLOOKUP($B14,CRV!$A:$A,CRV!$BU:$BU))<=5.5,"прямой пуск (DOL)","звезда-треугольник (SD)"),"")} -> звезда-треугольник (SD) | AC14: {=IFERROR(INDEX(CRV!CA:CA, MATCH(B14, CRV!A:A, 0)), "")} -> HQQE | AD14: {=IFERROR(AD13-W14*XLOOKUP($B13,CRV!$A:$A,CRV!$BY:$BY)+W14*XLOOKUP($B14,CRV!$A:$A,CRV!$BY:$BY),"ошибка")} -> 383 | AE14: При заказе

Sheet CRV
A1: Насос | B1: Артикул | C1: Q1 | D1: Q2 | E1: Q3 | F1: Q4 | G1: Q5 | H1: Q6 | I1: Q7 | J1: Q8 | K1: Q9 | L1: Q10 | M1: H1 | N1: H2 | O1: H3 | P1: H4 | Q1: H5 | R1: H6 | S1: H7 | T1: H8 | U1: H9 | V1: H10 | W1: P1 | X1: P2 | Y1: P3 | Z1: P4 | AA1: P5 | AB1: P6 | AC1: P7 | AD1: P8 | AE1: P9 | AF1: P10 | AG1: NPSH1 | AH1: NPSH2 | AI1: NPSH3 | AJ1: NPSH4 | AK1: NPSH5 | AL1: NPSH6 | AM1: NPSH7 | AN1: NPSH8 | AO1: NPSH9 | AP1: NPSH10 | AQ1: КПД1 | AR1: КПД2 | AS1: КПД3 | AT1: КПД4 | AU1: КПД5 | AV1: КПД6 | AW1: КПД7 | AX1: КПД8 | AY1: КПД9 | AZ1: КПД10 | BA1: B1 | BB1: B2 | BC1: D1 | BD1: D2 | BE1: D3 | BF1: D4 | BG1: D5 | BH1: D6 | BI1: a1 | BJ1: a2 | BK1: a3 | BL1: a4 | BM1: a5 | BN1: Hh1 | BO1: Hh2 | BP1: nxd1 | BQ1: nxd2 | BR1: Давл, бар | BS1: Вход | BT1: Выход | BU1: P2, кВт | BV1: I, А △ | BW1: I, А Y | BX1: pole | BY1: Вес (Нетто), кг | BZ1: Наименование | CA1: Торцевое
A2: CRV 1-2C | B2: 74111740 | C2: 0 | D2: 0.8 | E2: 1 | F2: 1.2 | G2: 1.4 | H2: 1.6 | I2: 1.8 | J2: 2 | K2: 2.2 | L2: 2.4 | M2: 12.324358 | N2: 11.522161 | O2: 11.221938 | P2: 10.847593 | Q2: 10.391261 | R2: 9.8503699 | S2: 9.2276408 | T2: 8.531086 | U2: 7.7740105 | V2: 6.85 | W2: 0.0424 | X2: 0.0726 | Y2: 0.0782 | Z2: 0.083 | AA2: 0.0868 | AB2: 0.0896 | AC2: 0.0914 | AD2: 0.0924 | AE2: 0.0926 | AF2: 0.0916 | AG2: 1.024 | AH2: 1.035 | AI2: 1.033 | AJ2: 1.059 | AK2: 1.115 | AL2: 1.212 | AM2: 1.368 | AN2: 1.611 | AO2: 1.905 | AP2: 2.313 | AQ2: 0 | AR2: 34.2 | AS2: 40.49 | AT2: 44.19 | AU2: 46.64 | AV2: 47.81 | AW2: 47.59 | AX2: 45.83 | AY2: 42.26 | AZ2: 36.55 | BA2: 254 | BB2: 207 | BC2: 134 | BD2: 112 | BE2: ø32 | BF2: ø89 | BG2: ø140 | BH2: ø100 | BI2: 100 | BJ2: 150 | BK2: 250 | BL2: 180 | BM2: 210 | BN2: 75 | BO2: 30 | BP2: 4х19х24,5 | BQ2: 4хø13 | BR2: 25 | BS2: DN 25/32 | BT2: DN 25/32 | BU2: 0.37 | BV2: =IFERROR(__xludf.DUMMYFUNCTION("IFERROR(INDEX(motors!E:E, MATCH(1, (motors!A:A=REGEXEXTRACT(A2,""^\S+""))*(motors!B:B=BU2), 0)), """")"),1.6) -> 1.6 | BW2: =IFERROR(__xludf.DUMMYFUNCTION("IFERROR(INDEX(motors!F:F, MATCH(1, (motors!A:A=REGEXEXTRACT(A2,""^\S+""))*(motors!B:B=BU2), 0)), """")"),0.9) -> 0.9 | BX2: 2 | BY2: 21 | BZ2: CRV 1-2C A-D-E-HQQE-E | CA2: =IFERROR(__xludf.DUMMYFUNCTION("IFERROR(REGEXEXTRACT(BZ2, ""(?i)[A-Z]+-D-E-([^-]+)-E""), """")"),"HQQE") -> HQQE
A3: CRV 1-3C | B3: 74111741 | C3: 0 | D3: 0.8 | E3: 1 | F3: 1.2 | G3: 1.4 | H3: 1.6 | I3: 1.8 | J3: 2 | K3: 2.2 | L3: 2.4 | M3: 17.682493 | N3: 16.835319 | O3: 16.35683 | P3: 15.85764 | Q3: 15.2 | R3: 14.410392 | S3: 13.4 | T3: 12.2 | U3: 10.9 | V3: 9.3 | W3: 0.0636 | X3: 0.1089 | Y3: 0.1173 | Z3: 0.1245 | AA3: 0.1302 | AB3: 0.1344 | AC3: 0.1371 | AD3: 0.1386 | AE3: 0.1389 | AF3: 0.1374 | AG3: 1.024 | AH3: 1.035 | AI3: 1.033 | AJ3: 1.059 | AK3: 1.115 | AL3: 1.212 | AM3: 1.368 | AN3: 1.611 | AO3: 1.905 | AP3: 2.313 | AQ3: 0 | AR3: 34.2 | AS3: 40.49 | AT3: 44.19 | AU3: 46.64 | AV3: 47.81 | AW3: 47.59 | AX3: 45.83 | AY3: 42.26 | AZ3: 36.55 | BA3: 272 | BB3: 207 | BC3: 134 | BD3: 112 | BE3: ø32 | BF3: ø89 | BG3: ø140 | BH3: ø100 | BI3: 100 | BJ3: 150 | BK3: 250 | BL3: 180 | BM3: 210 | BN3: 75 | BO3: 30 | BP3: 4х19х24,5 | BQ3: 4хø13 | BR3: 25 | BS3: DN 25/32 | BT3: DN 25/32 | BU3: 0.37 | BV3: =IFERROR(__xludf.DUMMYFUNCTION("IFERROR(INDEX(motors!E:E, MATCH(1, (motors!A:A=REGEXEXTRACT(A3,""^\S+""))*(motors!B:B=BU3), 0)), """")"),1.6) -> 1.6 | BW3: =IFERROR(__xludf.DUMMYFUNCTION("IFERROR(INDEX(motors!F:F, MATCH(1, (motors!A:A=REGEXEXTRACT(A3,""^\S+""))*(motors!B:B=BU3), 0)), """")"),0.9) -> 0.9 | BX3: 2 | BY3: 21 | BZ3: CRV 1-3C A-D-E-HQQE-E | CA3: =IFERROR(__xludf.DUMMYFUNCTION("IFERROR(REGEXEXTRACT(BZ3, ""(?i)[A-Z]+-D-E-([^-]+)-E""), """")"),"HQQE") -> HQQE
A4: CRV 1-4C | B4: 74111742 | C4: 0 | D4: 0.8 | E4: 1 | F4: 1.2 | G4: 1.4 | H4: 1.6 | I4: 1.8 | J4: 2 | K4: 2.2 | L4: 2.4 | M4: 24.976359 | N4: 22.444645 | O4: 21.818374 | P4: 21.095913 | Q4: 20.225129 | R4: 19.152339 | S4: 17.822315 | T4: 16.178281 | U4: 14.161912 | V4: 11.87 | W4: 0.0848 | X4: 0.1452 | Y4: 0.1564 | Z4: 0.166 | AA4: 0.1736 | AB4: 0.1792 | AC4: 0.1828 | AD4: 0.1848 | AE4: 0.1852 | AF4: 0.1832 | AG4: 1.024 | AH4: 1.035 | AI4: 1.033 | AJ4: 1.059 | AK4: 1.115 | AL4: 1.212 | AM4: 1.368 | AN4: 1.611 | AO4: 1.905 | AP4: 2.313 | AQ4: 0 | AR4: 34.2 | AS4: 40.49 | AT4: 44.19 | AU4: 46.64 | AV4: 47.81 | AW4: 47.59 | AX4: 45.83 | AY4: 42.26 | AZ4: 36.55 | BA4: 290 | BB4: 207 | BC4: 134 | BD4: 112 | BE4: ø32 | BF4: ø89 | BG4: ø140 | BH4: ø100 | BI4: 100 | BJ4: 150 | BK4: 250 | BL4: 180 | BM4: 210 | BN4: 75 | BO4: 30 | BP4: 4х19х24,5 | BQ4: 4хø13 | BR4: 25 | BS4: DN 25/32 | BT4: DN 25/32 | BU4: 0.37 | BV4: =IFERROR(__xludf.DUMMYFUNCTION("IFERROR(INDEX(motors!E:E, MATCH(1, (motors!A:A=REGEXEXTRACT(A4,""^\S+""))*(motors!B:B=BU4), 0)), """")"),1.6) -> 1.6 | BW4: =IFERROR(__xludf.DUMMYFUNCTION("IFERROR(INDEX(motors!F:F, MATCH(1, (motors!A:A=REGEXEXTRACT(A4,""^\S+""))*(motors!B:B=BU4), 0)), """")"),0.9) -> 0.9 | BX4: 2 | BY4: 22 | BZ4: CRV 1-4C A-D-E-HQQE-E | CA4: =IFERROR(__xludf.DUMMYFUNCTION("IFERROR(REGEXEXTRACT(BZ4, ""(?i)[A-Z]+-D-E-([^-]+)-E""), """")"),"HQQE") -> HQQE
A5: CRV 1-5C | B5: 74111743 | C5: 0 | D5: 0.8 | E5: 1 | F5: 1.2 | G5: 1.4 | H5: 1.6 | I5: 1.8 | J5: 2 | K5: 2.2 | L5: 2.4 | M5: 31.041809 | N5: 28.4 | O5: 27.65 | P5: 26.75 | Q5: 25.660703 | R5: 24.395526 | S5: 22.761813 | T5: 20.75 | U5: 18.5 | V5: 15.6 | W5: 0.106 | X5: 0.1815 | Y5: 0.1955 | Z5: 0.2075 | AA5: 0.217 | AB5: 0.224 | AC5: 0.2285 | AD5: 0.231 | AE5: 0.2315 | AF5: 0.229 | AG5: 1.024 | AH5: 1.035 | AI5: 1.033 | AJ5: 1.059 | AK5: 1.115 | AL5: 1.212 | AM5: 1.368 | AN5: 1.611 | AO5: 1.905 | AP5: 2.313 | AQ5: 0 | AR5: 34.2 | AS5: 40.49 | AT5: 44.19 | AU5: 46.64 | AV5: 47.81 | AW5: 47.59 | AX5: 45.83 | AY5: 42.26 | AZ5: 36.55 | BA5: 308 | BB5: 207 | BC5: 134 | BD5: 112 | BE5: ø32 | BF5: ø89 | BG5: ø140 | BH5: ø100 | BI5: 100 | BJ5: 150 | BK5: 250 | BL5: 180 | BM5: 210 | BN5: 75 | BO5: 30 | BP5: 4х19х24,5 | BQ5: 4хø13 | BR5: 25 | BS5: DN 25/32 | BT5: DN 25/32 | BU5: 0.37 | BV5: =IFERROR(__xludf.DUMMYFUNCTION("IFERROR(INDEX(motors!E:E, MATCH(1, (motors!A:A=REGEXEXTRACT(A5,""^\S+""))*(motors!B:B=BU5), 0)), """")"),1.6) -> 1.6 | BW5: =IFERROR(__xludf.DUMMYFUNCTION("IFERROR(INDEX(motors!F:F, MATCH(1, (motors!A:A=REGEXEXTRACT(A5,""^\S+""))*(motors!B:B=BU5), 0)), """")"),0.9) -> 0.9 | BX5: 2 | BY5: 22 | BZ5: CRV 1-5C A-D-E-HQQE-E | CA5: =IFERROR(__xludf.DUMMYFUNCTION("IFERROR(REGEXEXTRACT(BZ5, ""(?i)[A-Z]+-D-E-([^-]+)-E""), """")"),"HQQE") -> HQQE
A6: CRV 1-6C | B6: 74111744 | C6: 0 | D6: 0.8 | E6: 1 | F6: 1.2 | G6: 1.4 | H6: 1.6 | I6: 1.8 | J6: 2 | K6: 2.2 | L6: 2.4 | M6: 37.493546 | N6: 34.036039 | O6: 33 | P6: 31.921788 | Q6: 30.404192 | R6: 28.717713 | S6: 26.895608 | T6: 24.7 | U6: 22.073849 | V6: 18.99 | W6: 0.1272 | X6: 0.2178 | Y6: 0.2346 | Z6: 0.249 | AA6: 0.2604 | AB6: 0.2688 | AC6: 0.2742 | AD6: 0.2772 | AE6: 0.2778 | AF6: 0.2748 | AG6: 1.024 | AH6: 1.035 | AI6: 1.033 | AJ6: 1.059 | AK6: 1.115 | AL6: 1.212 | AM6: 1.368 | AN6: 1.611 | AO6: 1.905 | AP6: 2.313 | AQ6: 0 | AR6: 34.2 | AS6: 40.49 | AT6: 44.19 | AU6: 46.64 | AV6: 47.81 | AW6: 47.59 | AX6: 45.83 | AY6: 42.26 | AZ6: 36.55 | BA6: 326 | BB6: 207 | BC6: 134 | BD6: 112 | BE6: ø32 | BF6: ø89 | BG6: ø140 | BH6: ø100 | BI6: 100 | BJ6: 150 | BK6: 250 | BL6: 180 | BM6: 210 | BN6: 75 | BO6: 30 | BP6: 4х19х24,5 | BQ6: 4хø13 | BR6: 25 | BS6: DN 25/32 | BT6: DN 25/32 | BU6: 0.37 | BV6: =IFERROR(__xludf.DUMMYFUNCTION("IFERROR(INDEX(motors!E:E, MATCH(1, (motors!A:A=REGEXEXTRACT(A6,""^\S+""))*(motors!B:B=BU6), 0)), """")"),1.6) -> 1.6 | BW6: =IFERROR(__xludf.DUMMYFUNCTION("IFERROR(INDEX(motors!F:F, MATCH(1, (motors!A:A=REGEXEXTRACT(A6,""^\S+""))*(motors!B:B=BU6), 0)), """")"),0.9) -> 0.9 | BX6: 2 | BY6: 23 | BZ6: CRV 1-6C A-D-E-HQQE-E | CA6: =IFERROR(__xludf.DUMMYFUNCTION("IFERROR(REGEXEXTRACT(BZ6, ""(?i)[A-Z]+-D-E-([^-]+)-E""), """")"),"HQQE") -> HQQE
A7: CRV 1-7C | B7: 74111745 | C7: 0 | D7: 0.8 | E7: 1 | F7: 1.2 | G7: 1.4 | H7: 1.6 | I7: 1.8 | J7: 2 | K7: 2.2 | L7: 2.4 | M7: 42.598287 | N7: 39.101844 | O7: 37.997315 | P7: 36.774897 | Q7: 35.362442 | R7: 33.653922 | S7: 31.509428 | T7: 28.755175 | U7: 25.4 | V7: 21.4 | W7: 0.1484 | X7: 0.2541 | Y7: 0.2737 | Z7: 0.2905 | AA7: 0.3038 | AB7: 0.3136 | AC7: 0.3199 | AD7: 0.3234 | AE7: 0.3241 | AF7: 0.3206 | AG7: 1.024 | AH7: 1.035 | AI7: 1.033 | AJ7: 1.059 | AK7: 1.115 | AL7: 1.212 | AM7: 1.368 | AN7: 1.611 | AO7: 1.905 | AP7: 2.313 | AQ7: 0 | AR7: 34.2 | AS7: 40.49 | AT7: 44.19 | AU7: 46.64 | AV7: 47.81 | AW7: 47.59 | AX7: 45.83 | AY7: 42.26 | AZ7: 36.55 | BA7: 344 | BB7: 207 | BC7: 134 | BD7: 112 | BE7: ø32 | BF7: ø89 | BG7: ø140 | BH7: ø100 | BI7: 100 | BJ7: 150 | BK7: 250 | BL7: 180 | BM7: 210 | BN7: 75 | BO7: 30 | BP7: 4х19х24,5 | BQ7: 4хø13 | BR7: 25 | BS7: DN 25/32 | BT7: DN 25/32 | BU7: 0.37 | BV7: =IFERROR(__xludf.DUMMYFUNCTION("IFERROR(INDEX(motors!E:E, MATCH(1, (motors!A:A=REGEXEXTRACT(A7,""^\S+""))*(motors!B:B=BU7), 0)), """")"),1.6) -> 1.6 | BW7: =IFERROR(__xludf.DUMMYFUNCTION("IFERROR(INDEX(motors!F:F, MATCH(1, (motors!A:A=REGEXEXTRACT(A7,""^\S+""))*(motors!B:B=BU7), 0)), """")"),0.9) -> 0.9 | BX7: 2 | BY7: 23 | BZ7: CRV 1-7C A-D-E-HQQE-E | CA7: =IFERROR(__xludf.DUMMYFUNCTION("IFERROR(REGEXEXTRACT(BZ7, ""(?i)[A-Z]+-D-E-([^-]+)-E""), """")"),"HQQE") -> HQQE
A8: CRV 1-8C | B8: 74111746 | C8: 0 | D8: 0.8 | E8: 1 | F8: 1.2 | G8: 1.4 | H8: 1.6 | I8: 1.8 | J8: 2 | K8: 2.2 | L8: 2.4 | M8: 48.977402 | N8: 44.946669 | O8: 43.708595 | P8: 42.220086 | Q8: 40.419607 | R8: 38.25568 | S8: 35.686889 | T8: 32.681876 | U8: 29.219343 | V8: 25.288049 | W8: 0.1696 | X8: 0.2904 | Y8: 0.3128 | Z8: 0.332 | AA8: 0.3472 | AB8: 0.3584 | AC8: 0.3656 | AD8: 0.3696 | AE8: 0.3704 | AF8: 0.3664 | AG8: 1.024 | AH8: 1.035 | AI8: 1.033 | AJ8: 1.059 | AK8: 1.115 | AL8: 1.212 | AM8: 1.368 | AN8: 1.611 | AO8: 1.905 | AP8: 2.313 | AQ8: 0 | AR8: 34.2 | AS8: 40.49 | AT8: 44.19 | AU8: 46.64 | AV8: 47.81 | AW8: 47.59 | AX8: 45.83 | AY8: 42.26 | AZ8: 36.55 | BA8: 362 | BB8: 207 | BC8: 134 | BD8: 112 | BE8: ø32 | BF8: ø89 | BG8: ø140 | BH8: ø100 | BI8: 100 | BJ8: 150 | BK8: 250 | BL8: 180 | BM8: 210 | BN8: 75 | BO8: 30 | BP8: 4х19х24,5 | BQ8: 4хø13 | BR8: 25 | BS8: DN 25/32 | BT8: DN 25/32 | BU8: 0.55 | BV8: =IFERROR(__xludf.DUMMYFUNCTION("IFERROR(INDEX(motors!E:E, MATCH(1, (motors!A:A=REGEXEXTRACT(A8,""^\S+""))*(motors!B:B=BU8), 0)), """")"),2.3) -> 2.3 | BW8: =IFERROR(__xludf.DUMMYFUNCTION("IFERROR(INDEX(motors!F:F, MATCH(1, (motors!A:A=REGEXEXTRACT(A8,""^\S+""))*(motors!B:B=BU8), 0)), """")"),1.3) -> 1.3 | BX8: 2 | BY8: 24 | BZ8: CRV 1-8C A-D-E-HQQE-E | CA8: =IFERROR(__xludf.DUMMYFUNCTION("IFERROR(REGEXEXTRACT(BZ8, ""(?i)[A-Z]+-D-E-([^-]+)-E""), """")"),"HQQE") -> HQQE
A9: CRV 1-9C | B9: 74111747 | C9: 0 | D9: 0.8 | E9: 1 | F9: 1.2 | G9: 1.4 | H9: 1.6 | I9: 1.8 | J9: 2 | K9: 2.2 | L9: 2.4 | M9: 53.941355 | N9: 50.616873 | O9: 49.500752 | P9: 48.00675 | Q9: 46.063492 | R9: 43.639928 | S9: 40.748904 | T9: 37.45074 | U9: 33.4 | V9: 28.4 | W9: 0.1908 | X9: 0.3267 | Y9: 0.3519 | Z9: 0.3735 | AA9: 0.3906 | AB9: 0.4032 | AC9: 0.4113 | AD9: 0.4158 | AE9: 0.4167 | AF9: 0.4122 | AG9: 1.024 | AH9: 1.035 | AI9: 1.033 | AJ9: 1.059 | AK9: 1.115 | AL9: 1.212 | AM9: 1.368 | AN9: 1.611 | AO9: 1.905 | AP9: 2.313 | AQ9: 0 | AR9: 34.2 | AS9: 40.49 | AT9: 44.19 | AU9: 46.64 | AV9: 47.81 | AW9: 47.59 | AX9: 45.83 | AY9: 42.26 | AZ9: 36.55 | BA9: 380 | BB9: 207 | BC9: 134 | BD9: 112 | BE9: ø32 | BF9: ø89 | BG9: ø140 | BH9: ø100 | BI9: 100 | BJ9: 150 | BK9: 250 | BL9: 180 | BM9: 210 | BN9: 75 | BO9: 30 | BP9: 4х19х24,5 | BQ9: 4хø13 | BR9: 25 | BS9: DN 25/32 | BT9: DN 25/32 | BU9: 0.55 | BV9: =IFERROR(__xludf.DUMMYFUNCTION("IFERROR(INDEX(motors!E:E, MATCH(1, (motors!A:A=REGEXEXTRACT(A9,""^\S+""))*(motors!B:B=BU9), 0)), """")"),2.3) -> 2.3 | BW9: =IFERROR(__xludf.DUMMYFUNCTION("IFERROR(INDEX(motors!F:F, MATCH(1, (motors!A:A=REGEXEXTRACT(A9,""^\S+""))*(motors!B:B=BU9), 0)), """")"),1.3) -> 1.3 | BX9: 2 | BY9: 24 | BZ9: CRV 1-9C A-D-E-HQQE-E | CA9: =IFERROR(__xludf.DUMMYFUNCTION("IFERROR(REGEXEXTRACT(BZ9, ""(?i)[A-Z]+-D-E-([^-]+)-E""), """")"),"HQQE") -> HQQE
A10: CRV 1-10C | B10: 74111748 | C10: 0 | D10: 0.8 | E10: 1 | F10: 1.2 | G10: 1.4 | H10: 1.6 | I10: 1.8 | J10: 2 | K10: 2.2 | L10: 2.4 | M10: 59.893289 | N10: 57.069127 | O10: 55.878218 | P10: 54.036347 | Q10: 51.622894 | R10: 48.747528 | S10: 45.459174 | T10: 41.65498 | U10: 36.989287 | V10: 31.5 | W10: 0.212 | X10: 0.363 | Y10: 0.391 | Z10: 0.415 | AA10: 0.434 | AB10: 0.448 | AC10: 0.457 | AD10: 0.462 | AE10: 0.463 | AF10: 0.458 | AG10: 1.024 | AH10: 1.035 | AI10: 1.033 | AJ10: 1.059 | AK10: 1.115 | AL10: 1.212 | AM10: 1.368 | AN10: 1.611 | AO10: 1.905 | AP10: 2.313 | AQ10: 0 | AR10: 34.2 | AS10: 40.49 | AT10: 44.19 | AU10: 46.64 | AV10: 47.81 | AW10: 47.59 | AX10: 45.83 | AY10: 42.26 | AZ10: 36.55 | BA10: 398 | BB10: 207 | BC10: 134 | BD10: 112 | BE10: ø32 | BF10: ø89 | BG10: ø140 | BH10: ø100 | BI10: 100 | BJ10: 150 | BK10: 250 | BL10: 180 | BM10: 210 | BN10: 75 | BO10: 30 | BP10: 4х19х24,5 | BQ10: 4хø13 | BR10: 25 | BS10: DN 25/32 | BT10: DN 25/32 | BU10: 0.55 | BV10: =IFERROR(__xludf.DUMMYFUNCTION("IFERROR(INDEX(motors!E:E, MATCH(1, (motors!A:A=REGEXEXTRACT(A10,""^\S+""))*(motors!B:B=BU10), 0)), """")"),2.3) -> 2.3 | BW10: =IFERROR(__xludf.DUMMYFUNCTION("IFERROR(INDEX(motors!F:F, MATCH(1, (motors!A:A=REGEXEXTRACT(A10,""^\S+""))*(motors!B:B=BU10), 0)), """")"),1.3) -> 1.3 | BX10: 2 | BY10: 25 | BZ10: CRV 1-10C A-D-E-HQQE-E | CA10: =IFERROR(__xludf.DUMMYFUNCTION("IFERROR(REGEXEXTRACT(BZ10, ""(?i)[A-Z]+-D-E-([^-]+)-E""), """")"),"HQQE") -> HQQE
A11: CRV 1-11C | B11: 74111749 | C11: 0 | D11: 0.8 | E11: 1 | F11: 1.2 | G11: 1.4 | H11: 1.6 | I11: 1.8 | J11: 2 | K11: 2.2 | L11: 2.4 | M11: 65.943391 | N11: 62.353585 | O11: 60.750013 | P11: 58.810978 | Q11: 56.490255 | R11: 53.688433 | S11: 50.226724 | T11: 45.820762 | U11: 40.15 | V11: 34 | W11: 0.2332 | X11: 0.3993 | Y11: 0.4301 | Z11: 0.4565 | AA11: 0.4774 | AB11: 0.4928 | AC11: 0.5027 | AD11: 0.5082 | AE11: 0.5093 | AF11: 0.5038 | AG11: 1.024 | AH11: 1.035 | AI11: 1.033 | AJ11: 1.059 | AK11: 1.115 | AL11: 1.212 | AM11: 1.368 | AN11: 1.611 | AO11: 1.905 | AP11: 2.313 | AQ11: 0 | AR11: 34.2 | AS11: 40.49 | AT11: 44.19 | AU11: 46.64 | AV11: 47.81 | AW11: 47.59 | AX11: 45.83 | AY11: 42.26 | AZ11: 36.55 | BA11: 416 | BB11: 207 | BC11: 134 | BD11: 112 | BE11: ø32 | BF11: ø89 | BG11: ø140 | BH11: ø100 | BI11: 100 | BJ11: 150 | BK11: 250 | BL11: 180 | BM11: 210 | BN11: 75 | BO11: 30 | BP11: 4х19х24,5 | BQ11: 4хø13 | BR11: 25 | BS11: DN 25/32 | BT11: DN 25/32 | BU11: 0.55 | BV11: =IFERROR(__xludf.DUMMYFUNCTION("IFERROR(INDEX(motors!E:E, MATCH(1, (motors!A:A=REGEXEXTRACT(A11,""^\S+""))*(motors!B:B=BU11), 0)), """")"),2.3) -> 2.3 | BW11: =IFERROR(__xludf.DUMMYFUNCTION("IFERROR(INDEX(motors!F:F, MATCH(1, (motors!A:A=REGEXEXTRACT(A11,""^\S+""))*(motors!B:B=BU11), 0)), """")"),1.3) -> 1.3 | BX11: 2 | BY11: 25 | BZ11: CRV 1-11C A-D-E-HQQE-E | CA11: =IFERROR(__xludf.DUMMYFUNCTION("IFERROR(REGEXEXTRACT(BZ11, ""(?i)[A-Z]+-D-E-([^-]+)-E""), """")"),"HQQE") -> HQQE
A12: CRV 1-12C | B12: 74111750 | C12: 0 | D12: 0.8 | E12: 1 | F12: 1.2 | G12: 1.4 | H12: 1.6 | I12: 1.8 | J12: 2 | K12: 2.2 | L12: 2.4 | M12: 71.919369 | N12: 67.749174 | O12: 66.169035 | P12: 64.176331 | Q12: 61.65665 | R12: 58.470228 | S12: 54.441705 | T12: 49.349863 | U12: 43.6 | V12: 36.8 | W12: 0.2544 | X12: 0.4356 | Y12: 0.4692 | Z12: 0.498 | AA12: 0.5208 | AB12: 0.5376 | AC12: 0.5484 | AD12: 0.5544 | AE12: 0.5556 | AF12: 0.5496 | AG12: 1.024 | AH12: 1.035 | AI12: 1.033 | AJ12: 1.059 | AK12: 1.115 | AL12: 1.212 | AM12: 1.368 | AN12: 1.611 | AO12: 1.905 | AP12: 2.313 | AQ12: 0 | AR12: 34.2 | AS12: 40.49 | AT12: 44.19 | AU12: 46.64 | AV12: 47.81 | AW12: 47.59 | AX12: 45.83 | AY12: 42.26 | AZ12: 36.55 | BA12: 434 | BB12: 207 | BC12: 134 | BD12: 112 | BE12: ø32 | BF12: ø89 | BG12: ø140 | BH12: ø100 | BI12: 100 | BJ12: 150 | BK12: 250 | BL12: 180 | BM12: 210 | BN12: 75 | BO12: 30 | BP12: 4х19х24,5 | BQ12: 4хø13 | BR12: 25 | BS12: DN 25/32 | BT12: DN 25/32 | BU12: 0.75 | BV12: =IFERROR(__xludf.DUMMYFUNCTION("IFERROR(INDEX(motors!E:E, MATCH(1, (motors!A:A=REGEXEXTRACT(A12,""^\S+""))*(motors!B:B=BU12), 0)), """")"),3.0) -> 3 | BW12: =IFERROR(__xludf.DUMMYFUNCTION("IFERROR(INDEX(motors!F:F, MATCH(1, (motors!A:A=REGEXEXTRACT(A12,""^\S+""))*(motors!B:B=BU12), 0)), """")"),1.7) -> 1.7 | BX12: 2 | BY12: 26 | BZ12: CRV 1-12C A-D-E-HQQE-E | CA12: =IFERROR(__xludf.DUMMYFUNCTION("IFERROR(REGEXEXTRACT(BZ12, ""(?i)[A-Z]+-D-E-([^-]+)-E""), """")"),"HQQE") -> HQQE
A13: CRV 1-13C | B13: 74111751 | C13: 0 | D13: 0.8 | E13: 1 | F13: 1.2 | G13: 1.4 | H13: 1.6 | I13: 1.8 | J13: 2 | K13: 2.2 | L13: 2.4 | M13: 77.107826 | N13: 73.5 | O13: 71.6 | P13: 69.249068 | Q13: 66.136614 | R13: 62.742687 | S13: 58.958404 | T13: 54 | U13: 47.5 | V13: 40 | W13: 0.2756 | X13: 0.4719 | Y13: 0.5083 | Z13: 0.5395 | AA13: 0.5642 | AB13: 0.5824 | AC13: 0.5941 | AD13: 0.6006 | AE13: 0.6019 | AF13: 0.5954 | AG13: 1.024 | AH13: 1.035 | AI13: 1.033 | AJ13: 1.059 | AK13: 1.115 | AL13: 1.212 | AM13: 1.368 | AN13: 1.611 | AO13: 1.905 | AP13: 2.313 | AQ13: 0 | AR13: 34.2 | AS13: 40.49 | AT13: 44.19 | AU13: 46.64 | AV13: 47.81 | AW13: 47.59 | AX13: 45.83 | AY13: 42.26 | AZ13: 36.55 | BA13: 452 | BB13: 207 | BC13: 134 | BD13: 112 | BE13: ø32 | BF13: ø89 | BG13: ø140 | BH13: ø100 | BI13: 100 | BJ13: 150 | BK13: 250 | BL13: 180 | BM13: 210 | BN13: 75 | BO13: 30 | BP13: 4х19х24,5 | BQ13: 4хø13 | BR13: 25 | BS13: DN 25/32 | BT13: DN 25/32 | BU13: 0.75 | BV13: =IFERROR(__xludf.DUMMYFUNCTION("IFERROR(INDEX(motors!E:E, MATCH(1, (motors!A:A=REGEXEXTRACT(A13,""^\S+""))*(motors!B:B=BU13), 0)), """")"),3.0) -> 3 | BW13: =IFERROR(__xludf.DUMMYFUNCTION("IFERROR(INDEX(motors!F:F, MATCH(1, (motors!A:A=REGEXEXTRACT(A13,""^\S+""))*(motors!B:B=BU13), 0)), """")"),1.7) -> 1.7 | BX13: 2 | BY13: 26 | BZ13: CRV 1-13C A-D-E-HQQE-E | CA13: =IFERROR(__xludf.DUMMYFUNCTION("IFERROR(REGEXEXTRACT(BZ13, ""(?i)[A-Z]+-D-E-([^-]+)-E""), """")"),"HQQE") -> HQQE
A14: CRV 1-15C | B14: 74111752 | C14: 0 | D14: 0.8 | E14: 1 | F14: 1.2 | G14: 1.4 | H14: 1.6 | I14: 1.8 | J14: 2 | K14: 2.2 | L14: 2.4 | M14: 88.754976 | N14: 85.42593 | O14: 83.2 | P14: 80.447951 | Q14: 76.802965 | R14: 72.639716 | S14: 67.838757 | T14: 61.774671 | U14: 53.8 | V14: 45 | W14: 0.318 | X14: 0.5445 | Y14: 0.5865 | Z14: 0.6225 | AA14: 0.651 | AB14: 0.672 | AC14: 0.6855 | AD14: 0.693 | AE14: 0.6945 | AF14: 0.687 | AG14: 1.024 | AH14: 1.035 | AI14: 1.033 | AJ14: 1.059 | AK14: 1.115 | AL14: 1.212 | AM14: 1.368 | AN14: 1.611 | AO14: 1.905 | AP14: 2.313 | AQ14: 0 | AR14: 34.2 | AS14: 40.49 | AT14: 44.19 | AU14: 46.64 | AV14: 47.81 | AW14: 47.59 | AX14: 45.83 | AY14: 42.26 | AZ14: 36.55 | BA14: 488 | BB14: 207 | BC14: 134 | BD14: 112 | BE14: ø32 | BF14: ø89 | BG14: ø140 | BH14: ø100 | BI14: 100 | BJ14: 150 | BK14: 250 | BL14: 180 | BM14: 210 | BN14: 75 | BO14: 30 | BP14: 4х19х24,5 | BQ14: 4хø13 | BR14: 25 | BS14: DN 25/32 | BT14: DN 25/32 | BU14: 0.75 | BV14: =IFERROR(__xludf.DUMMYFUNCTION("IFERROR(INDEX(motors!E:E, MATCH(1, (motors!A:A=REGEXEXTRACT(A14,""^\S+""))*(motors!B:B=BU14), 0)), """")"),3.0) -> 3 | BW14: =IFERROR(__xludf.DUMMYFUNCTION("IFERROR(INDEX(motors!F:F, MATCH(1, (motors!A:A=REGEXEXTRACT(A14,""^\S+""))*(motors!B:B=BU14), 0)), """")"),1.7) -> 1.7 | BX14: 2 | BY14: 27 | BZ14: CRV 1-15C A-D-E-HQQE-E | CA14: =IFERROR(__xludf.DUMMYFUNCTION("IFERROR(REGEXEXTRACT(BZ14, ""(?i)[A-Z]+-D-E-([^-]+)-E""), """")"),"HQQE") -> HQQE
A15: CRV 1-17C | B15: 74111753 | C15: 0 | D15: 0.8 | E15: 1 | F15: 1.2 | G15: 1.4 | H15: 1.6 | I15: 1.8 | J15: 2 | K15: 2.2 | L15: 2.4 | M15: 101.15525 | N15: 96.917477 | O15: 94.534045 | P15: 91.126895 | Q15: 86.927503 | R15: 82.078718 | S15: 76.408465 | T15: 69.203451 | U15: 59.8 | V15: 49.2 | W15: 0.3604 | X15: 0.6171 | Y15: 0.6647 | Z15: 0.7055 | AA15: 0.7378 | AB15: 0.7616 | AC15: 0.7769 | AD15: 0.7854 | AE15: 0.7871 | AF15: 0.7786 | AG15: 1.024 | AH15: 1.035 | AI15: 1.033 | AJ15: 1.059 | AK15: 1.115 | AL15: 1.212 | AM15: 1.368 | AN15: 1.611 | AO15: 1.905 | AP15: 2.313 | AQ15: 0 | AR15: 34.2 | AS15: 40.49 | AT15: 44.19 | AU15: 46.64 | AV15: 47.81 | AW15: 47.59 | AX15: 45.83 | AY15: 42.26 | AZ15: 36.55 | BA15: 534 | BB15: 240 | BC15: 150 | BD15: 118 | BE15: ø32 | BF15: ø89 | BG15: ø140 | BH15: ø100 | BI15: 100 | BJ15: 150 | BK15: 250 | BL15: 180 | BM15: 210 | BN15: 75 | BO15: 30 | BP15: 4х19х24,5 | BQ15: 4хø13 | BR15: 25 | BS15: DN 25/32 | BT15: DN 25/32 | BU15: 1.1 | BV15: =IFERROR(__xludf.DUMMYFUNCTION("IFERROR(INDEX(motors!E:E, MATCH(1, (motors!A:A=REGEXEXTRACT(A15,""^\S+""))*(motors!B:B=BU15), 0)), """")"),4.2) -> 4.2 | BW15: =IFERROR(__xludf.DUMMYFUNCTION("IFERROR(INDEX(motors!F:F, MATCH(1, (motors!A:A=REGEXEXTRACT(A15,""^\S+""))*(motors!B:B=BU15), 0)), """")"),2.4) -> 2.4 | BX15: 2 | BY15: 28 | BZ15: CRV 1-17C A-D-E-HQQE-E | CA15: =IFERROR(__xludf.DUMMYFUNCTION("IFERROR(REGEXEXTRACT(BZ15, ""(?i)[A-Z]+-D-E-([^-]+)-E""), """")"),"HQQE") -> HQQE
A16: CRV 1-19C | B16: 74111754 | C16: 0 | D16: 0.8 | E16: 1 | F16: 1.2 | G16: 1.4 | H16: 1.6 | I16: 1.8 | J16: 2 | K16: 2.2 | L16: 2.4 | M16: 113.28169 | N16: 108.13317 | O16: 105.29028 | P16: 101.34547 | Q16: 96.697941 | R16: 91.575971 | S16: 85.1 | T16: 77.1 | U16: 66.5 | V16: 53.6 | W16: 0.4028 | X16: 0.6897 | Y16: 0.7429 | Z16: 0.7885 | AA16: 0.8246 | AB16: 0.8512 | AC16: 0.8683 | AD16: 0.8778 | AE16: 0.8797 | AF16: 0.8702 | AG16: 1.024 | AH16: 1.035 | AI16: 1.033 | AJ16: 1.059 | AK16: 1.115 | AL16: 1.212 | AM16: 1.368 | AN16: 1.611 | AO16: 1.905 | AP16: 2.313 | AQ16: 0 | AR16: 34.2 | AS16: 40.49 | AT16: 44.19 | AU16: 46.64 | AV16: 47.81 | AW16: 47.59 | AX16: 45.83 | AY16: 42.26 | AZ16: 36.55 | BA16: 570 | BB16: 240 | BC16: 150 | BD16: 118 | BE16: ø32 | BF16: ø89 | BG16: ø140 | BH16: ø100 | BI16: 100 | BJ16: 150 | BK16: 250 | BL16: 180 | BM16: 210 | BN16: 75 | BO16: 30 | BP16: 4х19х24,5 | BQ16: 4хø13 | BR16: 25 | BS16: DN 25/32 | BT16: DN 25/32 | BU16: 1.1 | BV16: =IFERROR(__xludf.DUMMYFUNCTION("IFERROR(INDEX(motors!E:E, MATCH(1, (motors!A:A=REGEXEXTRACT(A16,""^\S+""))*(motors!B:B=BU16), 0)), """")"),4.2) -> 4.2 | BW16: =IFERROR(__xludf.DUMMYFUNCTION("IFERROR(INDEX(motors!F:F, MATCH(1, (motors!A:A=REGEXEXTRACT(A16,""^\S+""))*(motors!B:B=BU16), 0)), """")"),2.4) -> 2.4 | BX16: 2 | BY16: 29 | BZ16: CRV 1-19C A-D-E-HQQE-E | CA16: =IFERROR(__xludf.DUMMYFUNCTION("IFERROR(REGEXEXTRACT(BZ16, ""(?i)[A-Z]+-D-E-([^-]+)-E""), """")"),"HQQE") -> HQQE
A17: CRV 1-21C | B17: 74111755 | C17: 0 | D17: 0.8 | E17: 1 | F17: 1.2 | G17: 1.4 | H17: 1.6 | I17: 1.8 | J17: 2 | K17: 2.2 | L17: 2.4 | M17: 125.07647 | N17: 119.12036 | O17: 116.18138 | P17: 112.1872 | Q17: 107.32916 | R17: 101.65679 | S17: 94.83598 | T17: 85.5 | U17: 73.2 | V17: 58.7 | W17: 0.4452 | X17: 0.7623 | Y17: 0.8211 | Z17: 0.8715 | AA17: 0.9114 | AB17: 0.9408 | AC17: 0.9597 | AD17: 0.9702 | AE17: 0.9723 | AF17: 0.9618 | AG17: 1.024 | AH17: 1.035 | AI17: 1.033 | AJ17: 1.059 | AK17: 1.115 | AL17: 1.212 | AM17: 1.368 | AN17: 1.611 | AO17: 1.905 | AP17: 2.313 | AQ17: 0 | AR17: 34.2 | AS17: 40.49 | AT17: 44.19 | AU17: 46.64 | AV17: 47.81 | AW17: 47.59 | AX17: 45.83 | AY17: 42.26 | AZ17: 36.55 | BA17: 606 | BB17: 240 | BC17: 150 | BD17: 118 | BE17: ø32 | BF17: ø89 | BG17: ø140 | BH17: ø100 | BI17: 100 | BJ17: 150 | BK17: 250 | BL17: 180 | BM17: 210 | BN17: 75 | BO17: 30 | BP17: 4х19х24,5 | BQ17: 4хø13 | BR17: 25 | BS17: DN 25/32 | BT17: DN 25/32 | BU17: 1.1 | BV17: =IFERROR(__xludf.DUMMYFUNCTION("IFERROR(INDEX(motors!E:E, MATCH(1, (motors!A:A=REGEXEXTRACT(A17,""^\S+""))*(motors!B:B=BU17), 0)), """")"),4.2) -> 4.2 | BW17: =IFERROR(__xludf.DUMMYFUNCTION("IFERROR(INDEX(motors!F:F, MATCH(1, (motors!A:A=REGEXEXTRACT(A17,""^\S+""))*(motors!B:B=BU17), 0)), """")"),2.4) -> 2.4 | BX17: 2 | BY17: 30 | BZ17: CRV 1-21C A-D-E-HQQE-E | CA17: =IFERROR(__xludf.DUMMYFUNCTION("IFERROR(REGEXEXTRACT(BZ17, ""(?i)[A-Z]+-D-E-([^-]+)-E""), """")"),"HQQE") -> HQQE
A18: CRV 1-23C | B18: 74111756 | C18: 0 | D18: 0.8 | E18: 1 | F18: 1.2 | G18: 1.4 | H18: 1.6 | I18: 1.8 | J18: 2 | K18: 2.2 | L18: 2.4 | M18: 138.89468 | N18: 129.7789 | O18: 126.16938 | P18: 121.90412 | Q18: 116.96996 | R18: 111.14753 | S18: 103.3 | T18: 93.5 | U18: 80.5 | V18: 65 | W18: 0.4876 | X18: 0.8349 | Y18: 0.8993 | Z18: 0.9545 | AA18: 0.9982 | AB18: 1.0304 | AC18: 1.0511 | AD18: 1.0626 | AE18: 1.0649 | AF18: 1.0534 | AG18: 1.024 | AH18: 1.035 | AI18: 1.033 | AJ18: 1.059 | AK18: 1.115 | AL18: 1.212 | AM18: 1.368 | AN18: 1.611 | AO18: 1.905 | AP18: 2.313 | AQ18: 0 | AR18: 34.2 | AS18: 40.49 | AT18: 44.19 | AU18: 46.64 | AV18: 47.81 | AW18: 47.59 | AX18: 45.83 | AY18: 42.26 | AZ18: 36.55 | BA18: 642 | BB18: 240 | BC18: 150 | BD18: 118 | BE18: ø32 | BF18: ø89 | BG18: ø140 | BH18: ø100 | BI18: 100 | BJ18: 150 | BK18: 250 | BL18: 180 | BM18: 210 | BN18: 75 | BO18: 30 | BP18: 4х19х24,5 | BQ18: 4хø13 | BR18: 25 | BS18: DN 25/32 | BT18: DN 25/32 | BU18: 1.1 | BV18: =IFERROR(__xludf.DUMMYFUNCTION("IFERROR(INDEX(motors!E:E, MATCH(1, (motors!A:A=REGEXEXTRACT(A18,""^\S+""))*(motors!B:B=BU18), 0)), """")"),4.2) -> 4.2 | BW18: =IFERROR(__xludf.DUMMYFUNCTION("IFERROR(INDEX(motors!F:F, MATCH(1, (motors!A:A=REGEXEXTRACT(A18,""^\S+""))*(motors!B:B=BU18), 0)), """")"),2.4) -> 2.4 | BX18: 2 | BY18: 31 | BZ18: CRV 1-23C A-D-E-HQQE-E | CA18: =IFERROR(__xludf.DUMMYFUNCTION("IFERROR(REGEXEXTRACT(BZ18, ""(?i)[A-Z]+-D-E-([^-]+)-E""), """")"),"HQQE") -> HQQE
A19: CRV 1-25C | B19: 74111757 | C19: 0 | D19: 0.8 | E19: 1 | F19: 1.2 | G19: 1.4 | H19: 1.6 | I19: 1.8 | J19: 2 | K19: 2.2 | L19: 2.4 | M19: 151.28424 | N19: 141.30441 | O19: 137.51217 | P19: 133.01442 | Q19: 127.79604 | R19: 121.3 | S19: 113.2 | T19: 102.3 | U19: 87.9 | V19: 71.2 | W19: 0.53 | X19: 0.9075 | Y19: 0.9775 | Z19: 1.0375 | AA19: 1.085 | AB19: 1.12 | AC19: 1.1425 | AD19: 1.155 | AE19: 1.1575 | AF19: 1.145 | AG19: 1.024 | AH19: 1.035 | AI19: 1.033 | AJ19: 1.059 | AK19: 1.115 | AL19: 1.212 | AM19: 1.368 | AN19: 1.611 | AO19: 1.905 | AP19: 2.313 | AQ19: 0 | AR19: 34.2 | AS19: 40.49 | AT19: 44.19 | AU19: 46.64 | AV19: 47.81 | AW19: 47.59 | AX19: 45.83 | AY19: 42.26 | AZ19: 36.55 | BA19: 678 | BB19: 240 | BC19: 150 | BD19: 118 | BE19: ø32 | BF19: ø89 | BG19: ø140 | BH19: ø100 | BI19: 100 | BJ19: 150 | BK19: 250 | BL19: 180 | BM19: 210 | BN19: 75 | BO19: 30 | BP19: 4х19х24,5 | BQ19: 4хø13 | BR19: 25 | BS19: DN 25/32 | BT19: DN 25/32 | BU19: 1.5 | BV19: =IFERROR(__xludf.DUMMYFUNCTION("IFERROR(INDEX(motors!E:E, MATCH(1, (motors!A:A=REGEXEXTRACT(A19,""^\S+""))*(motors!B:B=BU19), 0)), """")"),5.6) -> 5.6 | BW19: =IFERROR(__xludf.DUMMYFUNCTION("IFERROR(INDEX(motors!F:F, MATCH(1, (motors!A:A=REGEXEXTRACT(A19,""^\S+""))*(motors!B:B=BU19), 0)), """")"),3.2) -> 3.2 | BX19: 2 | BY19: 40 | BZ19: CRV 1-25C A-D-E-HQQE-E | CA19: =IFERROR(__xludf.DUMMYFUNCTION("IFERROR(REGEXEXTRACT(BZ19, ""(?i)[A-Z]+-D-E-([^-]+)-E""), """")"),"HQQE") -> HQQE
A20: CRV 1-27C | B20: 74111758 | C20: 0 | D20: 0.8 | E20: 1 | F20: 1.2 | G20: 1.4 | H20: 1.6 | I20: 1.8 | J20: 2 | K20: 2.2 | L20: 2.4 | M20: 163.41707 | N20: 153.98591 | O20: 149.82188 | P20: 144.17967 | Q20: 137.5092 | R20: 130.11207 | S20: 121.4 | T20: 110.8 | U20: 96.5 | V20: 79.76 | W20: 0.5724 | X20: 0.9801 | Y20: 1.0557 | Z20: 1.1205 | AA20: 1.1718 | AB20: 1.2096 | AC20: 1.2339 | AD20: 1.2474 | AE20: 1.2501 | AF20: 1.2366 | AG20: 1.024 | AH20: 1.035 | AI20: 1.033 | AJ20: 1.059 | AK20: 1.115 | AL20: 1.212 | AM20: 1.368 | AN20: 1.611 | AO20: 1.905 | AP20: 2.313 | AQ20: 0 | AR20: 34.2 | AS20: 40.49 | AT20: 44.19 | AU20: 46.64 | AV20: 47.81 | AW20: 47.59 | AX20: 45.83 | AY20: 42.26 | AZ20: 36.55 | BA20: 714 | BB20: 240 | BC20: 150 | BD20: 118 | BE20: ø32 | BF20: ø89 | BG20: ø140 | BH20: ø100 | BI20: 100 | BJ20: 150 | BK20: 250 | BL20: 180 | BM20: 210 | BN20: 75 | BO20: 30 | BP20: 4х19х24,5 | BQ20: 4хø13 | BR20: 25 | BS20: DN 25/32 | BT20: DN 25/32 | BU20: 1.5 | BV20: =IFERROR(__xludf.DUMMYFUNCTION("IFERROR(INDEX(motors!E:E, MATCH(1, (motors!A:A=REGEXEXTRACT(A20,""^\S+""))*(motors!B:B=BU20), 0)), """")"),5.6) -> 5.6 | BW20: =IFERROR(__xludf.DUMMYFUNCTION("IFERROR(INDEX(motors!F:F, MATCH(1, (motors!A:A=REGEXEXTRACT(A20,""^\S+""))*(motors!B:B=BU20), 0)), """")"),3.2) -> 3.2 | BX20: 2 | BY20: 41 | BZ20: CRV 1-27C A-D-E-HQQE-E | CA20: =IFERROR(__xludf.DUMMYFUNCTION("IFERROR(REGEXEXTRACT(BZ20, ""(?i)[A-Z]+-D-E-([^-]+)-E""), """")"),"HQQE") -> HQQE
A21: CRV 1-30C | B21: 74111759 | C21: 0 | D21: 0.8 | E21: 1 | F21: 1.2 | G21: 1.4 | H21: 1.6 | I21: 1.8 | J21: 2 | K21: 2.2 | L21: 2.4 | M21: 181.23704 | N21: 170.49625 | O21: 166.20023 | P21: 160.42615 | Q21: 153.41857 | R21: 145.31806 | S21: 135.86003 | T21: 123.2 | U21: 107.97998 | V21: 91.23 | W21: 0.636 | X21: 1.089 | Y21: 1.173 | Z21: 1.245 | AA21: 1.302 | AB21: 1.344 | AC21: 1.371 | AD21: 1.386 | AE21: 1.389 | AF21: 1.374 | AG21: 1.024 | AH21: 1.035 | AI21: 1.033 | AJ21: 1.059 | AK21: 1.115 | AL21: 1.212 | AM21: 1.368 | AN21: 1.611 | AO21: 1.905 | AP21: 2.313 | AQ21: 0 | AR21: 34.2 | AS21: 40.49 | AT21: 44.19 | AU21: 46.64 | AV21: 47.81 | AW21: 47.59 | AX21: 45.83 | AY21: 42.26 | AZ21: 36.55 | BA21: 768 | BB21: 240 | BC21: 150 | BD21: 118 | BE21: ø32 | BF21: ø89 | BG21: ø140 | BH21: ø100 | BI21: 100 | BJ21: 150 | BK21: 250 | BL21: 180 | BM21: 210 | BN21: 75 | BO21: 30 | BP21: 4х19х24,5 | BQ21: 4хø13 | BR21: 25 | BS21: DN 25/32 | BT21: DN 25/32 | BU21: 1.5 | BV21: =IFERROR(__xludf.DUMMYFUNCTION("IFERROR(INDEX(motors!E:E, MATCH(1, (motors!A:A=REGEXEXTRACT(A21,""^\S+""))*(motors!B:B=BU21), 0)), """")"),5.6) -> 5.6 | BW21: =IFERROR(__xludf.DUMMYFUNCTION("IFERROR(INDEX(motors!F:F, MATCH(1, (motors!A:A=REGEXEXTRACT(A21,""^\S+""))*(motors!B:B=BU21), 0)), """")"),3.2) -> 3.2 | BX21: 2 | BY21: 42 | BZ21: CRV 1-30C A-D-E-HQQE-E | CA21: =IFERROR(__xludf.DUMMYFUNCTION("IFERROR(REGEXEXTRACT(BZ21, ""(?i)[A-Z]+-D-E-([^-]+)-E""), """")"),"HQQE") -> HQQE
